Start Time,End Time,Sentence
"00:00:00,000","00:00:01,000",عشان تعرف إن أنا أتنازل عند أشياء عادي
"00:00:01,000","00:00:03,000",هذا الموضوع حمشي أسوي نفسي بأسمي
"00:00:03,000","00:00:05,000",ليه ما تسمع وترد عليك زي ما تتكلمت
"00:00:05,000","00:00:07,000",لأنه كلام متخابط ومتلخبط
"00:00:07,000","00:00:08,000",مين اللي متلخبط؟
"00:00:08,000","00:00:09,000",إنتي دحين السينما حطيح بدونك؟
"00:00:09,000","00:00:11,000",أيوة حطيح بدوني
"00:00:11,000","00:00:13,000",ده The Blind Date Show
"00:00:13,000","00:00:14,000",ودول اتنين ما يعرفوش بعض
"00:00:22,000","00:00:24,000",كل واحد فيهم مش شايف التاني
"00:00:24,000","00:00:25,000",وبينهم الحيطة دي
"00:00:25,000","00:00:28,000",البلاين ديت بتاعنا عبارة عن 3 راونز
"00:00:28,000","00:00:31,000",كل راونز بينزل لهم موضوع لازم يتكلموا فيه
"00:00:31,000","00:00:32,000",المواضيع دي علاقة بالجواز
"00:00:32,000","00:00:33,000",لبس
"00:00:33,000","00:00:34,000",فلوس
"00:00:34,000","00:00:34,000",شغل
"00:00:34,000","00:00:36,000",وحاجات تانية كتير
"00:00:36,000","00:00:37,000",بعد كل راونز
"00:00:37,000","00:00:38,000",كل واحد بيدي التاني ريتينج
"00:00:38,000","00:00:41,000",على حسب هم شبه بعض قد إيه في الراونز دي
"00:00:41,000","00:00:42,000",وفي الآخر قبل ما كل واحد يعرف
"00:00:42,000","00:00:44,000",كان قاعد في ديت مع مين
"00:00:44,000","00:00:46,000",هيقرروا لو هينزلوا ديت تاني ولا لا
"00:00:58,000","00:00:59,000",شكراً
"00:01:13,000","00:01:13,000",هاي
"00:01:13,000","00:01:14,000",أهلاً
"00:01:15,000","00:01:16,000",كيف حالك؟
"00:01:16,000","00:01:17,000",أوه
"00:01:18,000","00:01:20,000",الحمد لله والله أنت عاملين
"00:01:20,000","00:01:21,000",الحمد لله
"00:01:21,000","00:01:23,000",حسيت بالـ أوه هذي هتيجي من أول
"00:01:23,000","00:01:24,000",عشان كده ساكت
"00:01:24,000","00:01:25,000",أنت سعودي؟
"00:01:25,000","00:01:25,000",لا
"00:01:25,000","00:01:27,000",أنا المفروض سعيدي بس عايش في سعودية من زمان
"00:01:28,000","00:01:28,000",سعيدي؟
"00:01:28,000","00:01:29,000",من لقصر
"00:01:30,000","00:01:30,000",حل
"00:01:31,000","00:01:32,000",لا بمزع طبعاً
"00:01:33,000","00:01:34,000",سعودي سعودي
"00:01:34,000","00:01:35,000",تعرفي جيت سعودية قبل كده؟
"00:01:35,000","00:01:36,000",أوه جيت
"00:01:36,000","00:01:37,000",فين رحت؟
"00:01:37,000","00:01:39,000",رحت مكة ورحت المدينة
"00:01:39,000","00:01:40,000",ما رحت جدة؟
"00:01:40,000","00:01:40,000",لا ما رحتش قبل
"00:01:40,000","00:01:42,000",كيف جيتي مكة بدون ما تروحي جدة؟
"00:01:42,000","00:01:43,000",ما كنت بعمل عمره
"00:01:43,000","00:01:46,000",طيب جيتي على جدة بعدين رحت مكة بالسيارة
"00:01:46,000","00:01:47,000",لا ما جيتش
"00:01:47,000","00:01:49,000",المطار اللي نزلك على جدة
"00:01:49,000","00:01:50,000",هيوديكي بعدين
"00:01:50,000","00:01:51,000",انت مريت بجدة كلها
"00:01:51,000","00:01:52,000",بعدين وصلت مكة
"00:01:52,000","00:01:53,000",ما نمكنش عارف بقى
"00:01:53,000","00:01:54,000",ما في مطار في مكة
"00:01:54,000","00:01:55,000",أوكي
"00:01:55,000","00:01:56,000",انت ايش اللي نزلك؟
"00:01:56,000","00:01:58,000",تقريباً دي قهوة عربي
"00:01:58,000","00:02:00,000",اللي هي اسمها قهوة خضرة تقريباً
"00:02:00,000","00:02:00,000",ولا ده ايه؟
"00:02:00,000","00:02:01,000",قهوة خضرة؟
"00:02:01,000","00:02:02,000",اشوف كده؟
"00:02:02,000","00:02:04,000",اللي هي تقريباً بتتاخد مع بلح
"00:02:04,000","00:02:04,000",دي تمر
"00:02:04,000","00:02:05,000",لا دي قهوة عربي
"00:02:05,000","00:02:06,000",ايه
"00:02:06,000","00:02:07,000",انا نزل لسحلب
"00:02:07,000","00:02:07,000",سحلب؟
"00:02:07,000","00:02:08,000",فاش رايك تاخديها وانا اخد القهوة العربية
"00:02:08,000","00:02:09,000",ما عنديش مشكلة
"00:02:09,000","00:02:11,000",عشان كده كده مفيش تمر فايه
"00:02:11,000","00:02:12,000",خد انت الاول
"00:02:13,000","00:02:14,000",ايوة
"00:02:14,000","00:02:16,000",كيف قهوة خضرة خليتيها؟
"00:02:16,000","00:02:17,000",هي اسمها قهوة خضرة والله
"00:02:17,000","00:02:17,000",فضل
"00:02:19,000","00:02:20,000",شكراً مرسي
"00:02:21,000","00:02:22,000",طب هسألك سؤال
"00:02:22,000","00:02:23,000",بتنزل ديتز كتير؟
"00:02:23,000","00:02:25,000",يعني اتعرف على ناس
"00:02:25,000","00:02:26,000",بس ما انزل ديتز يعني وكده
"00:02:26,000","00:02:26,000",ماشي
"00:02:26,000","00:02:27,000",وانتي؟
"00:02:27,000","00:02:29,000",لا مش بنزل ديتز كتير
"00:02:29,000","00:02:29,000",مرة؟
"00:02:29,000","00:02:30,000",نعم
"00:02:30,000","00:02:31,000",تماماً يعني ما بتنزل ديتز؟
"00:02:31,000","00:02:32,000",لا لا كنت بنزل
"00:02:32,000","00:02:34,000",بس ما بقيتش بنزل ديتز كتير
"00:02:34,000","00:02:34,000",اوكي
"00:02:34,000","00:02:35,000",انت درست ايش باي ذوي؟
"00:02:35,000","00:02:37,000",درست اعلام وترجمة
"00:02:41,000","00:02:42,000",أشتغل دكتور سنين
"00:02:42,000","00:02:44,000",ولا بشتغل حاجة تانية غير
"00:02:44,000","00:02:45,000",الثنين
"00:02:45,000","00:02:46,000",اشتغل اشياء برا طب الأسنان
"00:02:46,000","00:02:48,000",وبشتغل اشياء كوان في الأسنان
"00:02:48,000","00:02:49,000",ايه الحاجات اللي بتشغلها
"00:02:49,000","00:02:50,000",برا طب الأسنين؟
"00:02:50,000","00:02:51,000",عندي كدة كدة براند
"00:02:51,000","00:02:51,000",هدوم؟
"00:02:51,000","00:02:52,000",مو هدوم
"00:02:52,000","00:02:53,000",عطور
"00:02:53,000","00:02:54,000",عندي مطعم
"00:02:54,000","00:02:55,000",عندي كوفي شوپ
"00:02:55,000","00:02:55,000",زى كدة
"00:02:55,000","00:02:57,000",طيب والعطور بتعمل
"00:02:57,000","00:02:58,000",العطور الليالي العربي
"00:02:58,000","00:03:00,000",الليالي العود والميسك
"00:03:00,000","00:03:01,000",ولا لا لا
"00:03:01,000","00:03:02,000",فيه عندي كدة عطر زي كدة
"00:03:02,000","00:03:04,000",بس أغلب العطور فرنسية زى كدة
"00:03:05,000","00:03:06,000",وانتي تشتغل داحين؟
"00:03:06,000","00:03:07,000",اوه بشتغل
"00:03:07,000","00:03:08,000",فين؟
"00:03:08,000","00:03:10,000",بمثل وبمرن تمثيل
"00:03:10,000","00:03:13,000",وارتجال للأطفال والتينز
"00:03:13,000","00:03:14,000",تمرني
"00:03:14,000","00:03:16,000",يعني كانك مدرسة تمثيل وكده؟
"00:03:16,000","00:03:17,000",اوه
"00:03:17,000","00:03:18,000",ممم
"00:03:18,000","00:03:19,000",ممتع
"00:03:19,000","00:03:20,000",ايه؟
"00:03:20,000","00:03:21,000",اوه مش
"00:03:21,000","00:03:23,000",طب انت جيت من السعودية على هنا؟
"00:03:23,000","00:03:24,000",يعني جيت عشان
"00:03:24,000","00:03:26,000",تبقى أشرح لك اللي صار بالضبط
"00:03:26,000","00:03:26,000",اوه ياريخ
"00:03:26,000","00:03:28,000",أنا جيت من السعودية
"00:03:28,000","00:03:29,000",اليوم الساعة 3 العصر
"00:03:30,000","00:03:33,000",وصلت الساعة 5 المفروض أجي من المطار على طول على هنا
"00:03:33,000","00:03:34,000",يعني انت جاي مخصوص عشان الديد دا
"00:03:34,000","00:03:35,000",ييس
"00:03:35,000","00:03:37,000",ما قلت لك أنا في السوشيال ميديا برضه كمان
"00:03:37,000","00:03:38,000",مو بس
"00:03:38,000","00:03:39,000",تعمل ايه تيك توك ولا ايه؟
"00:03:39,000","00:03:40,000",يعني كله
"00:03:40,000","00:03:41,000",يا سيطر يا رب
"00:03:41,000","00:03:42,000",بس ما بقرب لك أكتر من كدة
"00:03:52,000","00:03:53,000",شكرا
"00:03:53,000","00:03:55,000",ممكن أعرف نزلك ايه؟
"00:03:55,000","00:03:56,000",أنا نزللي شربة عدس
"00:03:56,000","00:03:57,000",انت ايش نزلك؟
"00:03:58,000","00:03:59,000",أنا نزللي جريش
"00:03:59,000","00:04:00,000",وأنا مش عارفة دا ايه
"00:04:00,000","00:04:01,000",هو بنجد ايش دا؟
"00:04:02,000","00:04:03,000",ايش ايش عبارة عن ايش يعني؟
"00:04:03,000","00:04:05,000",ما هوريك استنى
"00:04:05,000","00:04:06,000",بس
"00:04:06,000","00:04:07,000",آه جريش
"00:04:07,000","00:04:09,000",أنا هدوه وهدزهولك عمت
"00:04:09,000","00:04:10,000",طيب
"00:04:11,000","00:04:12,000",حلو والله
"00:04:12,000","00:04:13,000",تبي انت شربة عدس؟
"00:04:13,000","00:04:14,000",يعني برحتك
"00:04:14,000","00:04:15,000",تفضلي
"00:04:17,000","00:04:17,000",ياف
"00:04:17,000","00:04:20,000",يعني الأكلة دي اللي أنا قلتها لك دي سعودي؟
"00:04:20,000","00:04:21,000",هذي الأكلة سعودية أيوة
"00:04:21,000","00:04:23,000",منتشر أكثر في الرياض وفي الشرقية وزي كده
"00:04:23,000","00:04:26,000",بص احنا مفروضة نتكلم في التايب بتاعنا
"00:04:26,000","00:04:28,000",يلا انتي قوليلي إيش يور تايب في القعيد
"00:04:28,000","00:04:31,000",يوجهلي بحب الولادة اللي شعرهم طويل
"00:04:31,000","00:04:32,000",ماشية
"00:04:32,000","00:04:33,000",بس دي مش قازمة يعني
"00:04:33,000","00:04:35,000",يبقوا فت
"00:04:35,000","00:04:37,000",مش بحب العضلات الزيادة
"00:04:37,000","00:04:38,000",بحبش ولادة الأسائيرين
"00:04:38,000","00:04:39,000",ايوه
"00:04:39,000","00:04:41,000",تزعلني طيب
"00:04:41,000","00:04:42,000",لا بس معنا بشوف
"00:04:43,000","00:04:47,000",انت تحب البنت اللي تبقى معايا شكلها يبقى عامل ازاي؟
"00:04:47,000","00:04:49,000",مثلا شعرها يعني يكون طويل مو قصير
"00:04:49,000","00:04:51,000",يكون كيرلي ولا ويفي وكده
"00:04:51,000","00:04:52,000",عشان هي تقدر تسوي اللي تبقى
"00:04:52,000","00:04:53,000",يعني تكون فت
"00:04:53,000","00:04:54,000",أقلها تروح الجيم
"00:04:54,000","00:04:56,000",تمسك دايت تاكل أكل كويس
"00:04:56,000","00:04:57,000",بس كده؟
"00:04:57,000","00:04:58,000",بس كده ما فيش هاتان
"00:04:58,000","00:05:00,000",وبالنسبة للشخصية انتي إيش؟
"00:05:00,000","00:05:03,000",يكون حد بيحب الفن
"00:05:03,000","00:05:05,000",عنده هدف عمّة في الحياة
"00:05:05,000","00:05:06,000",انت إيه هدفك في الحياة؟
"00:05:06,000","00:05:09,000",أنا مثلاً الحين عندي مين جول في الرياضة
"00:05:09,000","00:05:10,000",أنا بلعب باديل مرة كتير
"00:05:10,000","00:05:10,000",ميش؟
"00:05:10,000","00:05:12,000",مين جول اني أصير
"00:05:12,000","00:05:13,000",بروفيشنال باديل بلاير في الساوديو ناشرال تيم
"00:05:13,000","00:05:14,000",حلوة قوي
"00:05:14,000","00:05:17,000",طيب ممكن تقولي البنت اللي انت عايز تبقى معاها
"00:05:17,000","00:05:19,000",تحب تكون إيه الحاجة تلف شخصيتها؟
"00:05:19,000","00:05:20,000",لازم تكون بوزيتف
"00:05:21,000","00:05:22,000",ما أحب النكد مرة
"00:05:22,000","00:05:24,000",طول الوقت إيجابية وسعادة
"00:05:24,000","00:05:25,000",يعني خلاص إذا في مشكلة تنحل
"00:05:25,000","00:05:27,000",بس العادة البنات
"00:05:27,000","00:05:28,000",لما يصير في مشكلة
"00:05:28,000","00:05:30,000",يحبوا إنهم يكتروا منها
"00:05:30,000","00:05:32,000",عشان يزودوا المشكلة وقت
"00:05:32,000","00:05:33,000",مثلاً مثلاً
"00:05:33,000","00:05:35,000",ما رديت على الجوال ساعتين
"00:05:35,000","00:05:36,000",قلت آسف معلش
"00:05:36,000","00:05:37,000",ليش نقعد ستة ساعات نضارب
"00:05:37,000","00:05:39,000",إنه أنا ما رديت على الجوال الساعتين اللي فاتت
"00:05:39,000","00:05:41,000",ممكنش ترد ليه؟
"00:05:41,000","00:05:42,000",كنت بلعب باديل
"00:05:42,000","00:05:44,000",فلما تتكلمها بقى بعد ما تخلص
"00:05:44,000","00:05:45,000",هتقول لها أنا آسف
"00:05:45,000","00:05:46,000",طب ما دا عادي دا مش موضوع
"00:05:46,000","00:05:47,000",حصل لي ضرب بلعب
"00:05:47,000","00:05:48,000",طولت في اللعب
"00:05:48,000","00:05:49,000",قعدت أربع ساعات ألعب
"00:05:49,000","00:05:49,000",إيش سوي؟
"00:05:49,000","00:05:52,000",يعني أنت في الأول قلته ما ردتش عليه ساعتين
"00:05:52,000","00:05:54,000",دلوقتي بقى أربع ساعات
"00:05:54,000","00:05:56,000",أنا كنت متفق معاكي إني بلعب ساعتين
"00:05:56,000","00:05:57,000",فجأة صارت أربعة
"00:05:57,000","00:05:57,000",فجأة
"00:05:57,000","00:05:58,000",كنت في الكورت وقعد ألعب خاص
"00:05:58,000","00:05:59,000",كملت مع الشباب إني بلعب معهم
"00:06:00,000","00:06:01,000",وصرت الجوال
"00:06:01,000","00:06:03,000",ليش بعد ما خلص الأربع ساعات دي
"00:06:03,000","00:06:04,000",يصير في مشكلة لنا اليوم اللي بعده
"00:06:04,000","00:06:07,000",فأنت تروح بقى تمشي خمسمائة يوم
"00:06:07,000","00:06:08,000",وبعدين ترجع تكلمها
"00:06:08,000","00:06:10,000",تقول لها أنا آسف رأيتك
"00:06:10,000","00:06:11,000",فيها تقول لك
"00:06:11,000","00:06:12,000",عادي والله يمك
"00:06:12,000","00:06:13,000",مو هذا المقصد لا
"00:06:13,000","00:06:14,000",طب سؤال
"00:06:15,000","00:06:17,000",أنا لو رحت لعبت باديل
"00:06:17,000","00:06:18,000",أنت بتلعب باديل بذوي
"00:06:18,000","00:06:20,000",بلعب كنت بلعب تنس
"00:06:20,000","00:06:23,000",لا تسألني أنا رحت لعبت تنس مع صحابي
"00:06:23,000","00:06:23,000",أنا أعرفهم
"00:06:23,000","00:06:25,000",إيه ده بقى الأسئلة دي
"00:06:25,000","00:06:26,000",يعني أصحابك اللي أعرفهم
"00:06:26,000","00:06:27,000",مثلاً بتقولين لي أنت دائماً
"00:06:27,000","00:06:29,000",بتخرج مع نجوة ومرام وفلانة
"00:06:30,000","00:06:31,000",مين فلان ده بقى
"00:06:31,000","00:06:32,000",فلانة
"00:06:32,000","00:06:33,000",ما في فلانة أبداً تماماً
"00:06:33,000","00:06:34,000",ما هيكون في فلانة
"00:06:34,000","00:06:35,000",نجوة ومريم ومرام
"00:06:35,000","00:06:36,000",حلو؟
"00:06:37,000","00:06:38,000",قلتي لها أنا رايح ألعب معهم
"00:06:38,000","00:06:40,000",والله لو تقعد إلينا اليوم اللي بعده عادي
"00:06:40,000","00:06:41,000",ما حتضرب معاك يعني
"00:06:41,000","00:06:42,000",أقعد لحد الثاني ومعي
"00:06:42,000","00:06:44,000",إذا أنا أعرفهم أعرف دولة مين
"00:06:44,000","00:06:45,000",أوه لكن لو بنايت أنت ما تعرفه
"00:06:45,000","00:06:47,000",طيب وإنت هتتعرف على البنات صحابي
"00:06:47,000","00:06:49,000",إنت حتي تتحكيني طبعاً يعني
"00:06:49,000","00:06:51,000",إيش معنى أنت تتعرف على صحابي البنات
"00:06:51,000","00:06:51,000",وأنا ما
"00:06:51,000","00:06:53,000",أنا هعرفهم بالأسامي
"00:06:53,000","00:06:54,000",ما هو لازم أشوفهم حتى في حياتي
"00:06:54,000","00:06:56,000",طيب أنا عندي سؤال
"00:06:56,000","00:06:58,000",هو صحابك اللي أنت بتلعب معهم باديل
"00:06:58,000","00:07:00,000",كلهم تعرفيهم وتعرف أهلهم
"00:07:00,000","00:07:01,000",وبناتهم وعيالهم compress
"00:07:01,000","00:07:01,000",وأصحابهم وأخوانهم
"00:07:01,000","00:07:02,000",كلهم تعرفيهم مستحيل
"00:07:02,000","00:07:03,000",كلهم أولاد
"00:07:03,000","00:07:04,000",كلهم أولاد طبعاً
"00:07:04,000","00:07:05,000",ما عندناش يعني
"00:07:05,000","00:07:06,000",togg Circuit
"00:07:06,000","00:07:07,000",يعني أنا مش موافقة على المبدأ العام
"00:07:07,000","00:07:09,000",بس أنا موافقة على المسوؤ
"00:07:09,000","00:07:09,000",نايس
"00:07:09,000","00:07:10,000",ماش
"00:07:10,000","00:07:13,000",يعني أنت بتلعب بباديل عادي كده مع هذا؟
"00:07:13,000","00:07:15,000",يعني إنت قلت بلعب باديل
"00:07:15,000","00:07:16,000",مش رايحة
"00:07:16,000","00:07:17,000",أكيد طبعاً بتلعب بباديل يعني
"00:07:17,000","00:07:18,000",طبعاً أنا سألك سؤال طيب
"00:07:18,000","00:07:20,000",شوف هو على حسب السبب
"00:07:20,000","00:07:21,000",هموت هموت
"00:07:21,000","00:07:23,000",استنى أنا قلت لك إنه أنا بمثل
"00:07:23,000","00:07:24,000",حلو
"00:07:24,000","00:07:24,000",إيه بقى
"00:07:24,000","00:07:26,000",إنت قداش قوية في التمثيل؟
"00:07:26,000","00:07:27,000",إيه السؤال ده
"00:07:27,000","00:07:29,000",يعني مثلاً السينما حططيح إذا إنت ما مثلتي؟
"00:07:31,000","00:07:32,000",أصلاً
"00:07:32,000","00:07:33,000",أسألك جاوبيني قول إيه وإلا لا
"00:07:33,000","00:07:36,000",لا هو طب الأسنان هيتيح لو إنت ما
"00:07:36,000","00:07:38,000",أقدر أسيب لك طب الأسنان
"00:07:38,000","00:07:39,000",بس بسألك ده
"00:07:39,000","00:07:41,000",السينما حططيح إذا إنت ما مثلتي؟
"00:07:41,000","00:07:42,000",هططيح أوه
"00:07:42,000","00:07:44,000",خلاص ورب الكعبة تمثلي
"00:07:44,000","00:07:45,000",يا أخي إنت ما زال في الوضع
"00:07:45,000","00:07:47,000",إذا إنت لديك درجة مهمة والله تمثلي
"00:07:48,000","00:07:50,000",بس إذا تمثيلك يعني
"00:07:50,000","00:07:51,000",in general
"00:07:51,000","00:07:52,000",هاه
"00:07:52,000","00:07:53,000",حنحاول إنه إيش
"00:07:53,000","00:07:55,000",يعني على حسب أنا شطرة ولا لا
"00:07:55,000","00:07:56,000",إذا إنت لكي قيمة مرة كبيرة
"00:07:56,000","00:07:57,000",عادي كمل التمثيل
"00:07:57,000","00:07:59,000",ما عشان يبقى لي إيمان لازم أبدأ
"00:07:59,000","00:08:00,000",إنت داحين قلتي ما بدأتي
"00:08:01,000","00:08:03,000",مين أنا أنا ما قولتش إن أنا ما بدأت
"00:08:03,000","00:08:04,000",إسألوا ما تخبرش على الطراويزة
"00:08:04,000","00:08:06,000",أنا ما قولتش إن أنا ما بدأتش
"00:08:06,000","00:08:08,000",إلا إنت قلتي لي ما بدأتي دوب
"00:08:08,000","00:08:09,000",أنا قلت كده
"00:08:09,000","00:08:10,000",إنت ما قلتي بس يعني
"00:08:10,000","00:08:12,000",إنت حسيت إن أنا مش موجوه
"00:08:12,000","00:08:14,000",ما بدأتش كرير التمثيل بتاعي
"00:08:14,000","00:08:15,000",كيف السينما حطيح
"00:08:15,000","00:08:17,000",إذا إنت ما جربت تمثلي
"00:08:17,000","00:08:18,000",مين قال لك إن أنا مجربت
"00:08:18,000","00:08:19,000",إنت قلتي
"00:08:19,000","00:08:21,000",إزاي بقى بدأني التمثيل
"00:08:21,000","00:08:22,000",وأنا ما جربتش
"00:08:22,000","00:08:23,000",إزاي
"00:08:23,000","00:08:25,000",عشان تعرف إن أنا اتنازل عند أشياء عادي
"00:08:25,000","00:08:27,000",هذا الموضوع حمي الشيء أسوي نفسي ما سمعت
"00:08:27,000","00:08:28,000",ليه ما تسمع وترد علي
"00:08:28,000","00:08:29,000",زي ما أتكلمك
"00:08:31,000","00:08:32,000",مين اللي متلخبط
"00:08:32,000","00:08:33,000",إنت ده حين السينما حطيح بدونك
"00:08:34,000","00:08:37,000",كيف حتعرف مستواك إذا إنت ما جربت
"00:08:37,000","00:08:38,000",والله لا أستطيع تمثل
"00:08:38,000","00:08:39,000",طب اسمع إنت حلو
"00:08:39,000","00:08:39,000",مو بتدرب الأطفال
"00:08:39,000","00:08:40,000",بدرب أطفال
"00:08:40,000","00:08:42,000",والله مرة نايس
"00:08:42,000","00:08:43,000",طب الحمدلله
"00:08:43,000","00:08:44,000",ما عندنا مشكلة
"00:08:44,000","00:08:47,000",هو إنت ليه قلت انترستينج في الأول على إن أنا ممثلة
"00:08:47,000","00:08:49,000",وجاي دلوقتي تبنع الحياة
"00:08:49,000","00:08:50,000",رد علي
"00:08:50,000","00:08:52,000",لأن بشوف اللايفستايل كيف حيمشي وكذا
"00:08:52,000","00:08:54,000",وشوفتي وصلت للمرحلة معينة
"00:08:54,000","00:08:55,000",يعني فاهمك كيف
"00:08:55,000","00:08:58,000",آه إنه وصلت بقى المرحلة بتبني حياة معايا
"00:08:58,000","00:08:59,000",فلا دلوقتي بقى
"00:08:59,000","00:09:01,000",هتتغيري عشاني
"00:09:03,000","00:09:05,000",إذا إنتي مرة شاطرة في التمثيل
"00:09:05,000","00:09:08,000",يا أستاذ أنا شايفة نفسي شاطرة
"00:09:08,000","00:09:09,000",إنت مش شايفني شاطرة
"00:09:09,000","00:09:09,000",أنا مش شاطرة
"00:09:09,000","00:09:11,000",مين اللي عم يحدر شطارتي
"00:09:11,000","00:09:12,000",الناس هتحدد شطارتك
"00:09:12,000","00:09:15,000",مثلاً عادي الإمام لو وقف كله نحن تجنن
"00:09:15,000","00:09:16,000",أنا هسألك سؤال
"00:09:16,000","00:09:19,000",إنت قدي إيه شاطر في التيك توك اللي إنت بتعمله ده
"00:09:19,000","00:09:22,000",أنا شاطر عندي متابعين كثير والله
"00:09:22,000","00:09:23,000",كم يعني
"00:09:23,000","00:09:24,000",عندي 4.5 مليون
"00:09:24,000","00:09:26,000",تبرافو ماشي
"00:09:26,000","00:09:27,000",أنا بقى عايزك تبطل تيك توك
"00:09:27,000","00:09:29,000",إنتي قوليلي بادل مثلاً
"00:09:29,000","00:09:30,000",قوليلي إنت قدي إيه شاطر في البادل
"00:09:30,000","00:09:31,000",قدي شاطر في البادل
"00:09:31,000","00:09:32,000",فيه potential
"00:09:32,000","00:09:33,000",يبقى تبطل
"00:09:33,000","00:09:36,000",لا نعمل مارش ونجيب دخول
"00:09:36,000","00:09:40,000",ونشوف بقى أنت تستحق أنك تقف في الملعب وتمسك مضرب ولا لا
"00:09:40,000","00:09:41,000",نجيبه
"00:09:41,000","00:09:43,000",لو خسرت مش هتمسك مضرب تاني في الحياة
"00:09:43,000","00:09:44,000",إذا خسرت من مين؟ أي أحد؟
"00:09:44,000","00:09:46,000",من الميارات 2 اللي قدامك
"00:09:46,000","00:09:47,000",على حسب مين حقي
"00:09:47,000","00:09:48,000",يعني فأنتي كمان لا تجيجي تقوليها
"00:09:48,000","00:09:50,000",هلعب ضدك كريستياني وميسي مثلاً
"00:09:50,000","00:09:51,000",تبقى أنا قلت سؤال تاني
"00:09:51,000","00:09:52,000",لا فعليش فيه سؤال تاني
"00:09:52,000","00:09:53,000",اتفضل
"00:09:53,000","00:09:56,000",إنت هتقارني في التمثيل بمين عشان تعرف أنه شاطر ولا لا
"00:09:56,000","00:09:58,000",أنا ما هقارنك والله ولا في أحد
"00:09:58,000","00:10:00,000",هجعد معاكي أقولك شوفيه
"00:10:00,000","00:10:01,000",اه انتي مش شاطرة
"00:10:01,000","00:10:03,000",لا والله هقوليك شاطرة طول الوقت
"00:10:03,000","00:10:04,000",بس اللي لازم تبقى حزين
"00:10:04,000","00:10:06,000",يعني مثلاً جاك يوفر دي حين من فيلم مرة يحزن
"00:10:06,000","00:10:08,000",ليش يخليك تروحي
"00:10:08,000","00:10:09,000",ليش يطلع شكلك بايخ
"00:10:09,000","00:10:11,000",بس مثلاً في الجهة الثانية
"00:10:11,000","00:10:13,000",جاك فيلم البطل حقه عادي الإمام
"00:10:13,000","00:10:15,000",أقسم رب نوقع الكونتراكت مع بعض
"00:10:15,000","00:10:18,000",والله لا تروحي وأنا أجي وأقعد أتفرج عليكم خلف الكوليس
"00:10:18,000","00:10:20,000",أنا مش حبيتك تتفرج علي
"00:10:20,000","00:10:20,000",ليش كده
"00:10:20,000","00:10:22,000",أنا دلوقتي عايز أمثل
"00:10:22,000","00:10:23,000",شفتي أنت ما بدأت
"00:10:23,000","00:10:24,000",اسمعني
"00:10:24,000","00:10:26,000",التفل عشان يمشي
"00:10:26,000","00:10:27,000",محتاج يعمل إيه
"00:10:27,000","00:10:27,000",يرقص
"00:10:27,000","00:10:30,000",أكيد هيمشي يعني يجوم يحبي ويتحرك وفعما يمشي
"00:10:30,000","00:10:32,000",محتاج يمشي خطوات الأول إيه
"00:10:32,000","00:10:33,000",يحبي
"00:10:33,000","00:10:34,000",وبعدين يمشي
"00:10:34,000","00:10:35,000",وبعدين يجري
"00:10:35,000","00:10:37,000",فأنا في التمثيل عشان أبقى
"00:10:37,000","00:10:39,000",إن شاء الله أستحق أن أنا أبقى
"00:10:39,000","00:10:41,000",مع ممثل كبير
"00:10:41,000","00:10:42,000",هعمل فيلم صغير دور صغير
"00:10:42,000","00:10:43,000",وبعدين دور أكبر
"00:10:43,000","00:10:45,000",وبعدين أبقى إن شاء الله بطلة
"00:10:45,000","00:10:46,000",طيب صح
"00:10:46,000","00:10:48,000",أنت بقى مش هتسمح لي أعمل الفيلم اللي في الأول اللي يحزن
"00:10:48,000","00:10:50,000",والله إذا فيه potential
"00:10:50,000","00:10:50,000",فأنا مش هعيب
"00:10:50,000","00:10:54,000",عندي أصلاً الفرصة إن أنا أعمل حاجة أكبر
"00:10:54,000","00:10:55,000",لأن أنا ما بدأتش
"00:10:55,000","00:10:57,000",ولا أنت الحاجات بتجي لك مرة واحدة
"00:10:57,000","00:10:58,000",طيب أديكي خلاصة
"00:10:58,000","00:10:59,000",والله هذي نهاية النقاش
"00:10:59,000","00:11:00,000",قررت ماشي
"00:11:00,000","00:11:02,000",إذا عمرك أقل من 23
"00:11:02,000","00:11:04,000",أبدأ يحبي في التمثيل
"00:11:04,000","00:11:05,000",خلاص؟
"00:11:05,000","00:11:06,000",لأنه بعد 23
"00:11:06,000","00:11:07,000",أنت خلصت الفرص
"00:11:07,000","00:11:08,000",المفروض تبدأ من وأنت صغيرة
"00:11:08,000","00:11:11,000",أنا بس بحاول أشرح لك من الأول
"00:11:11,000","00:11:13,000",إن أنا بدأت أمثل
"00:11:13,000","00:11:14,000",الله يوفقك
"00:11:14,000","00:11:15,000",أنت مرعب
"00:11:17,000","00:11:19,000",كم يعني كويس بطال ولليش
"00:11:19,000","00:11:20,000",حس مرة بطال
"00:11:20,000","00:11:21,000",أنت شوفي
"00:11:21,000","00:11:22,000",أنت رأيك إف نفسك
"00:11:22,000","00:11:24,000",لما بتبص كده في المرية بتحس بإيه
"00:11:24,000","00:11:25,000",أحس كلامي منطقي
"00:11:25,000","00:11:27,000",يا ربنا يوفقك يا رب
"00:11:27,000","00:11:28,000",آمين
"00:11:37,000","00:11:38,000",نزل لك إيه بقى
"00:11:38,000","00:11:40,000",أنا نزل لحاجة اسمها بومبار
"00:11:40,000","00:11:40,000",بومبار؟
"00:11:41,000","00:11:42,000",مومبار
"00:11:43,000","00:11:44,000",إيه هذي
"00:11:44,000","00:11:45,000",أنا نزللي مطبق
"00:11:45,000","00:11:47,000",أنت عارف المومبار ده إيه
"00:11:47,000","00:11:47,000",والله لا
"00:11:47,000","00:11:49,000",طيب مش كويس
"00:11:49,000","00:11:50,000",طب إنتي دحين أشرحلي إيش المومبار هذا
"00:11:50,000","00:11:51,000",لا مش هينفع
"00:11:51,000","00:11:51,000",ليه؟
"00:11:51,000","00:11:52,000",كله كله وبعدين
"00:11:52,000","00:11:53,000",أمانة إيش
"00:11:53,000","00:11:54,000",إيه؟
"00:11:54,000","00:11:55,000",إيش إيش ده
"00:11:55,000","00:11:57,000",هقولك بس أنت دوق وبعدين قولي رأيك وبعدين
"00:11:57,000","00:11:58,000",الله يستر
"00:11:58,000","00:12:00,000",ماشي أنا هدوق المطبق
"00:12:00,000","00:12:02,000",هو المطبق ده سعودي؟
"00:12:02,000","00:12:03,000",يعتبر إيه وهذا منتشر عندنا
"00:12:03,000","00:12:05,000",نموذج الجريش اللي المرة اللي فاتت
"00:12:11,000","00:12:12,000",هذا مطبق مالح
"00:12:12,000","00:12:13,000",خد عايز واحدة
"00:12:16,000","00:12:17,000",تبي مومبارة؟
"00:12:17,000","00:12:18,000",لا أنا ما بأكلش لحمة
"00:12:18,000","00:12:20,000",يا هذا ما فيه له لحم المومبار
"00:12:20,000","00:12:21,000",هلا فيه له لحم؟
"00:12:21,000","00:12:23,000",بالله؟
"00:12:23,000","00:12:24,000",حلو المومبارة عجبك؟
"00:12:24,000","00:12:25,000",يعني
"00:12:25,000","00:12:26,000",ديه يعني بقى؟
"00:12:26,000","00:12:27,000",فيه أشياء أطعم
"00:12:27,000","00:12:29,000",آه صحه ولو
"00:12:29,000","00:12:30,000",ما يستحقش يبقى أكلة
"00:12:30,000","00:12:32,000",لأنه فيه أحسن منه
"00:12:32,000","00:12:33,000",ممكن نتكلم بقى في الموضوع شنقيم؟
"00:12:35,000","00:12:36,000",إيش الأشياء اللي تشوفيها
"00:12:37,000","00:12:39,000",في الولد اللي
"00:12:39,000","00:12:41,000",أنا مش فاكرة أنت اللي هتجاوب الأول
"00:12:41,000","00:12:42,000",أنا جاوبت السؤال اللي فات
"00:12:42,000","00:12:43,000",وقاعدت تصرخ عليها
"00:12:43,000","00:12:45,000",دارك دحين دلينا نشوف
"00:12:45,000","00:12:46,000",إيش الريد فلاكز اللي في الولد
"00:12:46,000","00:12:48,000",يعني دحين فيه ولد شفتيه
"00:12:48,000","00:12:49,000",إذا فيه له كذا
"00:12:49,000","00:12:51,000",إكس بيج إكس
"00:12:51,000","00:12:52,000",بيج إكس
"00:12:52,000","00:12:52,000",بيج
"00:12:52,000","00:12:54,000",يكون متحكم
"00:12:54,000","00:12:57,000",يكون عنده رأي ما بيغيروش
"00:12:58,000","00:13:02,000",يكون مش مقتنع بالفرص
"00:13:03,000","00:13:03,000",ها؟
"00:13:03,000","00:13:05,000",وإيه بقى الرجل اللي ما يحترمش
"00:13:05,000","00:13:08,000",المرأة اللي معاه وكاينها
"00:13:10,000","00:13:11,000",يعني كله أنا ده ولا إيش؟
"00:13:11,000","00:13:15,000",لا أنا قلت حقا أنت الريد فلاكز
"00:13:15,000","00:13:16,000",أنت قلت الريد فلاكز حقك دحين صح؟
"00:13:16,000","00:13:18,000",آه قلتها يا ريت أنت تقول حقها
"00:13:18,000","00:13:20,000",الريد فلاكز حق
"00:13:20,000","00:13:22,000",اللي أشوفها في البيت تكون مرة خلاص
"00:13:23,000","00:13:24,000",تكون مثلاً
"00:13:24,000","00:13:26,000",تدخن تعسل تفيب
"00:13:26,000","00:13:28,000",هذه الأشياء كلها اللي ما هي صحية
"00:13:28,000","00:13:30,000",ألكوهوليك دراجز ديل أشياء
"00:13:30,000","00:13:31,000",أشياء بطالة هذه
"00:13:32,000","00:13:33,000",آه إيش كمان
"00:13:33,000","00:13:34,000",إنها مرة تحب السهر
"00:13:34,000","00:13:36,000",مو مشكلة الواحد يسهر مرة في الشهر
"00:13:36,000","00:13:37,000",مرتين في الشهر
"00:13:37,000","00:13:38,000",مو كل ويكند
"00:13:38,000","00:13:39,000",فلاو كده
"00:13:39,000","00:13:40,000",مو حلو
"00:13:40,000","00:13:41,000",منطق
"00:13:41,000","00:13:43,000",إيش كمان في ريد فلاكز
"00:13:43,000","00:13:45,000",البنت اللي طول الوقت شايفها نفسها صح
"00:13:45,000","00:13:46,000",مم؟
"00:13:46,000","00:13:47,000",مو بس البنات حتى الأولاد
"00:13:47,000","00:13:48,000",شايف طول الوقت نفسها صح
"00:13:48,000","00:13:49,000",بيج ريد فلاكز
"00:13:49,000","00:13:50,000",مثلاً؟
"00:13:50,000","00:13:51,000",أيوه طول الوقت صح
"00:13:51,000","00:13:52,000",حرام
"00:13:52,000","00:13:53,000",فأنت الحاجات اللي أنت قلت
"00:13:53,000","00:13:55,000",أنت مش عايزة في البنت دي
"00:13:55,000","00:13:56,000",أنت ما بتعمل هيش صح؟
"00:13:56,000","00:13:58,000",ولا وحدة منها
"00:13:58,000","00:13:59,000",ولا سهر ولا..
"00:13:59,000","00:14:00,000",سهر أيوه أسهر
"00:14:00,000","00:14:00,000",إجازة
"00:14:00,000","00:14:02,000",أنا مأجز في الصيف أسهر
"00:14:02,000","00:14:03,000",كم مرة في الشهر بتسهر؟
"00:14:03,000","00:14:04,000",أروح كلابز لما أنا أسافر
"00:14:04,000","00:14:05,000",لما تسافر؟
"00:14:05,000","00:14:06,000",سافرت مثلاً بالي
"00:14:06,000","00:14:08,000",بتسافر بقى كل أسبوع زي ما قلت كده
"00:14:08,000","00:14:09,000",ما أسافر؟
"00:14:09,000","00:14:11,000",عادي فبتسافر بقى عادي
"00:14:11,000","00:14:12,000",مستحيل أقدر أسافر كل أسبوع
"00:14:12,000","00:14:14,000",أسافر يعني كل 3 شهور
"00:14:14,000","00:14:15,000",كل 4 شهور
"00:14:15,000","00:14:15,000",يا دوب
"00:14:15,000","00:14:16,000",ميش
"00:14:16,000","00:14:17,000",طب أنت بقى إيه
"00:14:17,000","00:14:18,000",الجرين فلاكز
"00:14:18,000","00:14:19,000",لو شفتها في البنت
"00:14:20,000","00:14:22,000",عكساً اللي قلتلك هو
"00:14:22,000","00:14:24,000",وتكون مرة مهتمة بشي معين
"00:14:25,000","00:14:26,000",استن
"00:14:26,000","00:14:28,000",تكون مرة شاطرة فيه
"00:14:28,000","00:14:28,000",فاهمة؟
"00:14:28,000","00:14:29,000",مثلاً
"00:14:29,000","00:14:30,000",رسامة شاطرة
"00:14:30,000","00:14:32,000",واضح عليها الموهبة إنها
"00:14:32,000","00:14:33,000",أوف
"00:14:33,000","00:14:34,000",هذي البنت إذا رسمت
"00:14:34,000","00:14:35,000",هذي خلاص
"00:14:35,000","00:14:36,000",هذي هي ممتازة
"00:14:36,000","00:14:37,000",شاطرة في شي معين
"00:14:37,000","00:14:38,000",وحط وقتها فيه
"00:14:38,000","00:14:39,000",ما تكون فاضية
"00:14:39,000","00:14:40,000",طب أنت
"00:14:40,000","00:14:42,000",إيه الجرين فلاكز اللي أنا هشوفها فيك
"00:14:42,000","00:14:43,000",فهبقى عايزة بقى معيك
"00:14:43,000","00:14:44,000",أنا لو كنت في علاقة
"00:14:46,000","00:14:48,000",الاهتمام عندها يكون عالي
"00:14:48,000","00:14:49,000",ما أحب النكد
"00:14:49,000","00:14:50,000",طول الوقت كلام بوزيتف
"00:14:50,000","00:14:51,000",ودلع وفرفشة وكده
"00:14:51,000","00:14:52,000",بتدلع بقى
"00:14:52,000","00:14:53,000",أكيد طبعاً
"00:14:53,000","00:14:55,000",أي نوع الدلع اللي أنت بتدلعه بقى
"00:14:55,000","00:14:55,000",كلام حلو
"00:14:55,000","00:14:56,000",صباح الخير
"00:14:56,000","00:14:57,000",مساء الخير
"00:14:59,000","00:14:59,000",هاي
"00:14:59,000","00:15:01,000",إزايك عمل إيه
"00:15:01,000","00:15:02,000",دلع ده
"00:15:02,000","00:15:03,000",إيه كده دلع بالكلام يعني فهم
"00:15:03,000","00:15:03,000",بوزيتف ده
"00:15:03,000","00:15:05,000",أيوة صباح الخير
"00:15:05,000","00:15:06,000",أيوة
"00:15:06,000","00:15:07,000",أيوة الله
"00:15:07,000","00:15:09,000",إيش لفروض دلع يكون غير إيش يعني زيش
"00:15:09,000","00:15:11,000",لا هي صباح الخير ده كده
"00:15:11,000","00:15:12,000",عايز إيه بالدنيا يا ربا
"00:15:12,000","00:15:14,000",لا فيه كلمات فيه أشياء ما ينفعقولها يعني كده
"00:15:14,000","00:15:15,000",ما ينفعش
"00:15:16,000","00:15:17,000",مستحي
"00:15:17,000","00:15:18,000",إيش الجريم فلاكس اللي فيك
"00:15:18,000","00:15:21,000",هشجعك على أن أنت بقى
"00:15:21,000","00:15:23,000",حتى لو أنا مش مقتنعة
"00:15:23,000","00:15:25,000",بمثلاً موضوع التيك توك وكده
"00:15:25,000","00:15:28,000",بس هي حاجة مهمة بالنسبة لك
"00:15:28,000","00:15:29,000",فأنا هشجعك عليها
"00:15:29,000","00:15:30,000",في ذمتك
"00:15:30,000","00:15:31,000",شي مرة أنا كويس فيه
"00:15:31,000","00:15:33,000",كيف ما أنت مقتنعة فيه
"00:15:33,000","00:15:34,000",أنا ما بحبش تيك توك
"00:15:34,000","00:15:35,000",أنت عكسي
"00:15:40,000","00:15:42,000",أن أنت قررت أن أنا مش شاطرة في التمثيل
"00:15:42,000","00:15:44,000",وإنت قلتيلي في البداية أنا ممثلة
"00:15:44,000","00:15:46,000",بعدين قلتلي أنا لسه بدأت بحبي
"00:15:46,000","00:15:47,000",لا بتحبي
"00:15:47,000","00:15:48,000",يعني تعرف مثلاً مين جاء في بالي
"00:15:48,000","00:15:49,000",مين
"00:15:49,000","00:15:50,000",هانا الزاهد مثلاً
"00:15:50,000","00:15:51,000",خلاص هادي إيش حاجة
"00:15:51,000","00:15:51,000",إيش هي تقول لها دي
"00:15:51,000","00:15:52,000",مش
"00:15:53,000","00:15:54,000",بس طلعت هانا الزاهد بتحبي
"00:15:54,000","00:15:56,000",يعني أنا ببدأ آه
"00:15:56,000","00:15:57,000",بس أنا بمثل
"00:15:57,000","00:16:00,000",وبعدين يعني من سنة مثلاً قبل ما بدأ أمثل
"00:16:00,000","00:16:03,000",كنت لسه بقى بحاول أمثل
"00:16:03,000","00:16:04,000",سنة بتحاول تمثلي
"00:16:04,000","00:16:06,000",لا مش سنة ست سنين
"00:16:06,000","00:16:07,000",ست سنين بتحاول تمثلي
"00:16:07,000","00:16:08,000",وبتحبي
"00:16:08,000","00:16:09,000",آه
"00:16:09,000","00:16:10,000",ليه بتحبي طيب
"00:16:10,000","00:16:10,000",وقف حبي
"00:16:10,000","00:16:11,000",أنا هو بمثله
"00:16:11,000","00:16:13,000",ماربنا كرمني
"00:16:13,000","00:16:16,000",يعني إذا فيه اسم مرة كبيرة اشتغلتي معاه نايس
"00:16:16,000","00:16:17,000",آيوه فيه
"00:16:17,000","00:16:17,000",والله
"00:16:18,000","00:16:18,000",كيب جوينغ
"00:16:19,000","00:16:20,000",خلاص إيوه صح طيب
"00:16:20,000","00:16:21,000",إنت كده شاطرة
"00:16:21,000","00:16:22,000",إنت بتقوللي ما إنت شاطرة
"00:16:22,000","00:16:23,000",إنت بتقوللي من نفسك
"00:16:23,000","00:16:24,000",مو أنا
"00:16:24,000","00:16:25,000",أنا على حسب طريقة كلامك
"00:16:25,000","00:16:28,000",يا حوا على الحيط أضيع على وشك
"00:16:28,000","00:16:30,000",أنا بقلل من نفسي
"00:16:30,000","00:16:31,000",أنا عمالة بحاول أثبت لك
"00:16:31,000","00:16:34,000",إن أنا أستحق أجرب
"00:16:34,000","00:16:35,000",برضو بتجيب العيت بنفسك
"00:16:35,000","00:16:37,000",اللي يستحق ما يجرب
"00:16:37,000","00:16:38,000",هم الناس اللي يجوا يكلموني
"00:16:38,000","00:16:39,000",يقولوله تعال
"00:16:39,000","00:16:40,000",إنت ما تجرب هم اللي يفتوكوا
"00:16:40,000","00:16:41,000",يعني إنت أول مرة دخلت
"00:16:41,000","00:16:43,000",إنت أول مرة دخلت ملعب بادل
"00:16:43,000","00:16:46,000",دخلت خلاص كسبت الماتش
"00:16:46,000","00:16:47,000",بالبراكتس حقي
"00:16:47,000","00:16:48,000",صاروا الناس يكلموني
"00:16:48,000","00:16:49,000",آيوه
"00:16:49,000","00:16:50,000",امسك كلمة راجل
"00:16:50,000","00:16:51,000",إنت شافة إنت نفس بعيدة
"00:16:51,000","00:16:52,000",إنت مفضحت إنت
"00:16:53,000","00:16:54,000",إذا ما تعمل ليش كده
"00:16:54,000","00:16:55,000",إنت مفضوحة
"00:16:55,000","00:16:55,000",إيه
"00:16:55,000","00:16:57,000",فضحتي نفسي قلت إنك إنت نفسك صديقة
"00:16:58,000","00:17:00,000",أنا مسكة نفسي عنك بالعافية
"00:17:00,000","00:17:00,000",ليه
"00:17:00,000","00:17:02,000",بقى هطلعلك المصريين اللي جوا
"00:17:02,000","00:17:04,000",أوريك ما هالمصريين عاملين إزاي
"00:17:04,000","00:17:06,000",إهدى بقى كده واسمع
"00:17:06,000","00:17:08,000",قلت هنبراكتس
"00:17:08,000","00:17:10,000",إنت دخلت الملعب
"00:17:10,000","00:17:11,000",إيه عملت إيه
"00:17:11,000","00:17:12,000",حسيت نفسي والله موهوب
"00:17:12,000","00:17:14,000",إنت مولود بتلعب بادل
"00:17:14,000","00:17:15,000",حسيت نفسي
"00:17:15,000","00:17:17,000",وأنا حشت نفسي موهوبة يا أخي سيبني
"00:17:17,000","00:17:20,000",بس يا أختي إنت لكي 6 سنوات
"00:17:20,000","00:17:21,000",6
"00:17:21,000","00:17:23,000",أنا لو لي 6 سنوات في البادل وما سويت شي فيه ليش
"00:17:23,000","00:17:25,000",إذا ما لقيت منه فلاح أمشي
"00:17:25,000","00:17:27,000",لازم تتعلمي متى ترحلي من الشي
"00:17:27,000","00:17:28,000",يعني لازم تعرف الوقت المناسب
"00:17:28,000","00:17:30,000",أنا فعلاً محتاج أرحل
"00:17:30,000","00:17:32,000",فعلاً محتاج أرحل
"00:17:33,000","00:17:35,000",والله أنا معطيكي الرقم ده عشان مرة ضحكت
"00:17:35,000","00:17:37,000",مرة مرة أنا قاعد أضحك ترى
"00:17:37,000","00:17:39,000",جوتي كمان قاعد أضحك أنا إنت حين
"00:17:39,000","00:17:40,000",كم عطيتني
"00:17:42,000","00:17:43,000",أنا أمشي معك كده بقى
"00:17:53,000","00:17:55,000",بص أنا فهمتهم بيعملوا إيه عمّة
"00:17:55,000","00:17:57,000",هم بينزلولي أكلة سعودي
"00:17:57,000","00:17:59,000",وبينزلولك مصري تقريباً
"00:17:59,000","00:17:59,000",حصل
"00:17:59,000","00:18:01,000",فتعالي نسويتش كده
"00:18:01,000","00:18:01,000",شان أنا كمان
"00:18:01,000","00:18:02,000",ليش على طول كده طب جرب
"00:18:02,000","00:18:04,000",أنا ما بأكلش لحمة
"00:18:04,000","00:18:04,000",إيش ده؟
"00:18:04,000","00:18:05,000",كبسة
"00:18:06,000","00:18:08,000",أنا الدوني
"00:18:09,000","00:18:09,000",إيش تتوقعي؟
"00:18:09,000","00:18:11,000",أقوى أكلة مصرية في العالم
"00:18:11,000","00:18:12,000",ملوخية
"00:18:12,000","00:18:12,000",غلط
"00:18:13,000","00:18:14,000",أنت كلت؟
"00:18:14,000","00:18:14,000",أنت لحقت تأكل؟
"00:18:14,000","00:18:16,000",لا والله ما كلت بس حطيت الشوك
"00:18:16,000","00:18:16,000",ماشي هات
"00:18:16,000","00:18:17,000",خديها يلا
"00:18:17,000","00:18:17,000",هات يا عم
"00:18:18,000","00:18:19,000",خلاص خلاص
"00:18:20,000","00:18:21,000",أمزح أمزح
"00:18:21,000","00:18:22,000",خلي الاثنين عندك
"00:18:22,000","00:18:22,000",خدي خدي خدي
"00:18:22,000","00:18:24,000",طيب إيش طلال لنا داحين؟
"00:18:24,000","00:18:25,000",ويدينج ها
"00:18:27,000","00:18:28,000",مستحيل يصير
"00:18:28,000","00:18:29,000",في أحلامك
"00:18:29,000","00:18:31,000",طيب لا نتكلم من جد داحين
"00:18:31,000","00:18:32,000",في الويدينج
"00:18:32,000","00:18:33,000",مين يشيل الليلة؟
"00:18:33,000","00:18:34,000",النص بالنص
"00:18:34,000","00:18:35,000",كده أغير رأيه
"00:18:35,000","00:18:37,000",حتى لو أنت مثلة شاطرة تقدر تمثلي
"00:18:37,000","00:18:39,000",كل الشي خصها الويدينج
"00:18:40,000","00:18:41,000",يسويه الولد
"00:18:41,000","00:18:42,000",هي بس تختار
"00:18:42,000","00:18:43,000",في وقت الزواج
"00:18:43,000","00:18:45,000",ماشي عم أنت كريم ماشي
"00:18:45,000","00:18:46,000",مو هرجة كريم ولا مكريم
"00:18:46,000","00:18:46,000",هذا الصح
"00:18:46,000","00:18:47,000",اللي يقول غير كده ما يفهم
"00:18:47,000","00:18:48,000",ليش في النص بالنص؟
"00:18:48,000","00:18:50,000",ليش تحس فيه ناس يقولوا النص بالنص؟
"00:18:50,000","00:18:51,000",مشاركة يعني
"00:18:51,000","00:18:51,000",مشاركة؟
"00:18:51,000","00:18:53,000",حياتي بتبقى مشاركة
"00:18:53,000","00:18:54,000",هو زواجه مرة واحدة في الحياة
"00:18:54,000","00:18:56,000",خلاص الماديات في الفرح
"00:18:56,000","00:18:58,000",الولد يشيلها كاملة
"00:18:58,000","00:18:59,000",حاض
"00:18:59,000","00:18:59,000",كلها
"00:19:00,000","00:19:01,000",أنت تشوفي غير كده؟
"00:19:01,000","00:19:02,000",أنا برأي معاك
"00:19:02,000","00:19:03,000",أنت إيه اللي بتكون عكسي بالكلام؟
"00:19:03,000","00:19:04,000",أنت عاجبك الكلام
"00:19:04,000","00:19:05,000",لماذا بتكون عكسي؟
"00:19:05,000","00:19:06,000",أنت مش عايز تتساعد
"00:19:06,000","00:19:07,000",أنا عم بيلك إيه؟
"00:19:07,000","00:19:07,000",تمام
"00:19:07,000","00:19:08,000",بتساعديني؟
"00:19:08,000","00:19:09,000",ساعديني بعد الزواج
"00:19:09,000","00:19:09,000",لا إيه؟
"00:19:09,000","00:19:11,000",اشتريلي هدايا بالعكس
"00:19:11,000","00:19:13,000",انت هو ده سيستم بتاعك
"00:19:13,000","00:19:15,000",بتبدأ اللي هو بتدحل بالواحد
"00:19:15,000","00:19:17,000",وبعدين تديله على دماغه
"00:19:18,000","00:19:18,000",ما هي كده؟
"00:19:18,000","00:19:19,000",الأول هاي
"00:19:19,000","00:19:21,000",آه لذيذ جميل محترم بتاعه
"00:19:21,000","00:19:22,000",بعدين إيه؟
"00:19:23,000","00:19:24,000",أنا محترم
"00:19:24,000","00:19:25,000",أيوة أنت محترم أنا مش قارن
"00:19:25,000","00:19:26,000",محترمين؟
"00:19:26,000","00:19:26,000",خمسة
"00:19:26,000","00:19:27,000",ماشي حل
"00:19:27,000","00:19:30,000",أنت في الأول بتبقى داخل كده هاذي وجميل
"00:19:30,000","00:19:31,000",وبعدين بتوري بقى وش تاني
"00:19:31,000","00:19:32,000",والله العظيم
"00:19:32,000","00:19:33,000",دلوقتي إيه
"00:19:33,000","00:19:35,000",لا أنا هاصرف أنا على الفرح كله
"00:19:35,000","00:19:36,000",وبعدين بعد الجهوز بقى هاذي
"00:19:36,000","00:19:38,000",أنت داحين قلتي تبغي مشاركة صح؟
"00:19:38,000","00:19:39,000",بجامع؟
"00:19:39,000","00:19:40,000",مشاركة
"00:19:40,000","00:19:41,000",ما أبغى بجامع إيش؟
"00:19:41,000","00:19:42,000",أبغى بالبجامع
"00:19:42,000","00:19:43,000",ما عرفش إنه
"00:19:43,000","00:19:44,000",الواحد يبغى مشاركة
"00:19:44,000","00:19:46,000",قلت لك الأشياء الحلوة إنك تسويها
"00:19:46,000","00:19:47,000",تيجي مناسبة كويسة
"00:19:47,000","00:19:50,000",جيبي لها هدية دا منك تحب إنك تسوي شي معاهم
"00:19:50,000","00:19:51,000",دي المشاركة من وجهة
"00:19:51,000","00:19:53,000",بس البنت المفروض في الماديات ما تتدخل ولا في شي
"00:19:53,000","00:19:54,000",خلاص كل شي يسويه الولد
"00:19:54,000","00:19:57,000",أنا برضو كل ما بحاول أساعد أنت مش عاجبك تمام
"00:19:57,000","00:19:59,000",لا مادياتك ساعد نفسك بيها
"00:19:59,000","00:19:59,000",ما تساعديني
"00:20:01,000","00:20:05,000",طيب منه ما شاء الله في التمثيل بنمشي وزي كده وبنأحبه وبنتحرك وبنمهم
"00:20:05,000","00:20:07,000",التمثيل بيسوي فلوس كويسة؟
"00:20:07,000","00:20:11,000",والله ست سنين كمان وممكن يجيب فلوس أصلا
"00:20:11,000","00:20:14,000",ست سنين كمان؟ غير الست سنين اللي بديت فيها؟
"00:20:15,000","00:20:16,000",عشان الصبر
"00:20:16,000","00:20:17,000",الصبر
"00:20:17,000","00:20:18,000",والباشن
"00:20:20,000","00:20:21,000",أيوة أيوة أيوة صح
"00:20:21,000","00:20:23,000",والله ست سنين اللي راحت هاد يار
"00:20:23,000","00:20:24,000",يعني إن شاء الله الله يعطيك على قد نيتك
"00:20:24,000","00:20:25,000",خسارة من أمري آه
"00:20:25,000","00:20:26,000",الله يعطيك على قد نيتك
"00:20:26,000","00:20:28,000",طيب خلينا في الودين
"00:20:28,000","00:20:30,000",إنت عايز تعمل فرح كبير قد إيه؟
"00:20:30,000","00:20:31,000",اللي هتتفعل وحدك
"00:20:31,000","00:20:34,000",شوفي هذه الليلة هتكون مرة وحدة في حياتي
"00:20:35,000","00:20:36,000",لازم أفجرها
"00:20:36,000","00:20:38,000",مش إيه بقى التفجير اللي إنت هتفجره ده؟
"00:20:38,000","00:20:40,000",كل الناس اللي عارفهم هيحضروا الفرح
"00:20:40,000","00:20:43,000",هجيب مغنين مرة كويسين يغنوا عندي في الفرح
"00:20:43,000","00:20:44,000",زي مين؟
"00:20:44,000","00:20:45,000",عبدالمجيد عبدالله تايفي عبدالمجيد عبدالله؟
"00:20:46,000","00:20:47,000",إن شاء الله إني ألحق عليه
"00:20:47,000","00:20:50,000",لأنه فجأة يعتزل وفجأة يرجع زي كل أشياء
"00:20:50,000","00:20:53,000",وعندنا كمان هجيب عمرو دياب تامر حسني
"00:20:53,000","00:20:55,000",إنت هجيب عمرو دياب وإيه تامر حسني؟
"00:20:55,000","00:20:57,000",تامر حسني لا نفسي أصير صاحب وأجيب الفرح فهمتي؟
"00:20:58,000","00:21:03,000",الفرح صح تبغي يكون ميكس ولا يكون بنات بس وولاد بس؟
"00:21:03,000","00:21:05,000",استنى بس عشان إحنا هنا بقى إيه
"00:21:05,000","00:21:07,000",هو ممكن ما يبقىش ميكس؟
"00:21:07,000","00:21:10,000",هو أكيد مش هيبقى ميكس منتهي الكلام هذا
"00:21:10,000","00:21:12,000",هو إنت بتسألني عن رأيي
"00:21:12,000","00:21:16,000",بس انت مقرر بس بتسألني عشان يبقى اسمك سأل تاني
"00:21:16,000","00:21:18,000",هنسأل عن رأيي مو قلنا هنفجرها؟
"00:21:18,000","00:21:21,000",هنفجرها انت لوحدك وأنا زي ما احنا عادين كده
"00:21:21,000","00:21:23,000",نبقى في المية ونتقابل بإذن الله الساعة 2
"00:21:23,000","00:21:26,000",بس بعد ما نخلص الناس وأنغام تكون رجعت بيتها
"00:21:26,000","00:21:27,000",هجيب أنغام عند البنات
"00:21:27,000","00:21:29,000",هتجيب أنغام عند البنات؟
"00:21:29,000","00:21:30,000",فيه فرح بنات وفيه فرح وولاد
"00:21:30,000","00:21:33,000",الفرس دانس حروس مع مين مع أنغام؟
"00:21:33,000","00:21:36,000",ايش الفرس دانس هذي شفتي عداته تقاليد بدنا نختلف
"00:21:36,000","00:21:39,000",يعني العريس والعروسة بيدخلوا الفرح لأول العروسة وبتدخل
"00:21:39,000","00:21:40,000",هذي تعرفش اسمها الزفة
"00:21:40,000","00:21:41,000",هتزف الواحدة
"00:21:42,000","00:21:43,000",اسمحي طب اسمعيني أقولك الزفة دي ايش
"00:21:43,000","00:21:44,000",طب ما ينصح لي عداته التقاليد
"00:21:44,000","00:21:46,000",الزفة الولد هيدخل عند البنات
"00:21:46,000","00:21:50,000",كل الإضاءات سبوت لايت على الولد مستحيل يشوف الناس بإذن الله
"00:21:50,000","00:21:51,000",بس تريق علينا وهذا الشيء مهم
"00:21:52,000","00:21:55,000",طب وليه البنت ما تدخلش عند الولاد ونحط سبوت لايت في وشا
"00:21:55,000","00:21:57,000",حطي نفسك في الموقف دي ايش تحسي وقتها
"00:21:57,000","00:22:00,000",بنتي ورقة هتكوني وسط كل الولاد اللي هيكونوا فرحة للولاد
"00:22:00,000","00:22:02,000",أنا إذا دخلت أنا ما هشوف ولا أحد
"00:22:02,000","00:22:04,000",ليه أنت تيجي فرحي وأنا ما أروحش فرحك
"00:22:04,000","00:22:06,000",افرض أنا عايز أسمع عمرو دياب يا أخي
"00:22:06,000","00:22:10,000",يا أبوي هنحطلك ستيريو هنحطلك صوت عمرو دياب عندك في النادي
"00:22:10,000","00:22:12,000",ما شغلوا على الراديو أحسن فيه إيه
"00:22:12,000","00:22:13,000",فكرة برضو ترى والله حلوة
"00:22:13,000","00:22:15,000",أنت غريب قوي عرفي أنت مستخز
"00:22:15,000","00:22:18,000",هي هيك خلاص أول فرح المفروض يعني عند الذكر
"00:22:18,000","00:22:20,000",طب أنت جاي هنا ليل نهاردة
"00:22:20,000","00:22:21,000",والله ما أعرف
"00:22:21,000","00:22:26,000",كان معك تيكل طيارة مفر زيادة فقلت أستخدمها يعني
"00:22:26,000","00:22:27,000",أنا داحين صرت ما أعرف
"00:22:27,000","00:22:28,000",أنت تعبتني
"00:22:28,000","00:22:29,000",أنا بدأت أحرر
"00:22:29,000","00:22:31,000",طب أنتو هتعملوا إيه فرح الرجالة دا
"00:22:31,000","00:22:33,000",عمرو دياب تامر حسني عبدالنجيد عبدالله
"00:22:33,000","00:22:36,000",ونحن نقعد نرقص إلين وقت الزفة
"00:22:36,000","00:22:37,000",وقت الزفة
"00:22:42,000","00:22:44,000",هي الفرح بيبدأ بالزفة
"00:22:44,000","00:22:45,000",وبعدين الفرس دانس
"00:22:45,000","00:22:48,000",وبعدين الصحاب بيدخلوا بنرقص كلنا مع بعض
"00:22:48,000","00:22:51,000",يعني أصحاب يرقصوا مع صحاباتك زي كده تحسي
"00:22:51,000","00:22:53,000",يمكن واحدة تلاقي عريس زيك كده جميل
"00:22:53,000","00:22:55,000",أميزيك أميزيك أميزيك أميزيك
"00:22:55,000","00:22:56,000",مستحيل
"00:22:58,000","00:23:01,000",أنت ليه عايز تعمل فرح مع صحابك الرجالة دول
"00:23:01,000","00:23:02,000",وإنت ممكن تخرج معاك
"00:23:02,000","00:23:03,000",إحنا كده
"00:23:03,000","00:23:04,000",وأنا كده بقى
"00:23:04,000","00:23:06,000",طب ما تروح حفلة العمرو دياب
"00:23:06,000","00:23:08,000",حلو برضو عادي بس حلو إنه حيجي فرحة فهمتي
"00:23:08,000","00:23:09,000",آه هو جاي لك مخصوص بقى
"00:23:09,000","00:23:11,000",إيه وحتكون مرة ماميري جامدة
"00:23:11,000","00:23:12,000",الإيجو بتاك
"00:23:12,000","00:23:13,000",ليه إيجو
"00:23:13,000","00:23:14,000",ما عندي إيجو
"00:23:14,000","00:23:15,000",آه صحيح
"00:23:15,000","00:23:16,000",والله ما عندي
"00:23:16,000","00:23:17,000",عمرو دياب جاي فرحة مرة رسول
"00:23:17,000","00:23:18,000",عمل كومبو كونسرت
"00:23:18,000","00:23:20,000",عمرو دياب تمرحزني
"00:23:20,000","00:23:21,000",عبد المجيد عبد الله
"00:23:21,000","00:23:22,000",أول واحد يسويها أنا
"00:23:22,000","00:23:24,000",بس نلحق قبل ما يعتزل
"00:23:24,000","00:23:25,000",كلهم لازم نلحقهم قبل ما يعتزلوا
"00:23:26,000","00:23:28,000",طب إنت نويت الجوز إمتى يعني بالشكل دا كده على كم سنة
"00:23:28,000","00:23:30,000",الله ما يعرف إلا من ربنا يسرها
"00:23:30,000","00:23:33,000",طيب أنا عندي سؤال بقى تاني أهم بقى من الفرح خالص
"00:23:34,000","00:23:35,000",بالنسبة للهانيمون
"00:23:35,000","00:23:37,000",طبعاً إنت اللي هتدفع كل حاجة
"00:23:38,000","00:23:39,000",كل القرارات للبنت
"00:23:39,000","00:23:40,000",إنت هتقولي كل شي
"00:23:40,000","00:23:42,000",أنا قرر وإنت تدفع
"00:23:43,000","00:23:45,000",ده زي قراري كده لما سألتيني الفرح ميكس ولا
"00:23:45,000","00:23:47,000",هذا شي أصلاً منتهي من قبل اللي هيبدأ
"00:23:47,000","00:23:48,000",طب سألتني ليه
"00:23:48,000","00:23:50,000",أنا قلتلك الهانيمون حيكون
"00:23:50,000","00:23:53,000",على إنه البنت تطلب كل حاجة في الهانيمون
"00:23:53,000","00:23:55,000",هي اللي تبغى إن شاء الله لو تبقى تطلع المريخ
"00:23:55,000","00:23:57,000",صعب بس نحن نكلم إلو المسك نشوف حل معاه ولا حاجة
"00:23:57,000","00:23:59,000",مش صاحبك يعني
"00:24:01,000","00:24:03,000",إديتك رقم حلو عمات
"00:24:03,000","00:24:04,000",نفس
"00:24:04,000","00:24:06,000",عشان إنت قلت حاجة حلو
"00:24:06,000","00:24:08,000",إيه وأنا كمان نفس الشي بالضبط
"00:24:08,000","00:24:09,000",إنت قلت كل حاجة حلوة
"00:24:09,000","00:24:10,000",ربنا يخليك
"00:24:11,000","00:24:13,000",أخيراً اللي حشوفه الممثلة
"00:24:13,000","00:24:15,000",تتوقع حننزل تاني ولا لا؟
"00:24:24,000","00:24:25,000",السلام عليكم
"00:24:25,000","00:24:26,000",حتين
"00:24:26,000","00:24:27,000",حتين جيدة
"00:24:27,000","00:24:28,000",والله صعب مرة
"00:24:28,000","00:24:30,000",حتين سهل فعلاً
"00:24:30,000","00:24:31,000",وإديتني إيه بقى
"00:24:34,000","00:24:36,000",عشان إنت ما تبي تغير أي قرار في حياتك
"00:24:36,000","00:24:37,000",ولا أنت والله
"00:24:37,000","00:24:39,000",أنا كلامي مقنع شوي
"00:24:39,000","00:24:41,000",صح صح صح
"00:24:41,000","00:24:43,000",إنت جاي بقى عامل حسابك على جوازة على طول
"00:24:43,000","00:24:45,000",يعني كانت
"00:24:45,000","00:24:46,000",هذا معصوب
"00:24:46,000","00:24:47,000",ده إيه ده؟
"00:24:48,000","00:24:49,000",يعني إيه؟
"00:24:49,000","00:24:50,000",يعني إنت هتاخد ده
"00:24:50,000","00:24:51,000",وإلا نأكل مع بعض إيش رأيك؟
"00:24:51,000","00:24:53,000",طب إستنى أنا هدق و أديهولك كده كده
"00:24:53,000","00:24:54,000",أوكي نايس
"00:24:55,000","00:24:57,000",هذا إيش بس أنا ما أعرف والله
"00:24:57,000","00:24:58,000",ده موز
"00:24:58,000","00:25:00,000",إيه والجوه موز فيه موز
"00:25:00,000","00:25:02,000",ليل ديه درجة كده ما أعجبك
"00:25:02,000","00:25:03,000",يا أم علي
"00:25:06,000","00:25:08,000",طب إنت دوقت أم علي قبل كده؟
"00:25:08,000","00:25:09,000",إيه كتير
"00:25:10,000","00:25:12,000",هذا أحلى شي صار في حلقة اليوم
"00:25:15,000","00:25:16,000",ماي تايت ما أتاتني واحد
"00:25:16,000","00:25:17,000",تستهل
"00:25:17,000","00:25:19,000",إنتي قلتي ما شعر و مدل فيه أشياء يعني
"00:25:19,000","00:25:20,000",بس إنت كريم عمتاً يعني
"00:25:20,000","00:25:21,000",فدتيني واحد
"00:25:21,000","00:25:22,000",أنا ميني كريم؟
"00:25:22,000","00:25:23,000",إنت كريم في الأرقام
"00:25:24,000","00:25:25,000",يعني الحين ماي تايت بديتك خمسة صح؟
"00:25:25,000","00:25:26,000",أه
"00:25:26,000","00:25:28,000",الرد فلاكز إنتي مرة ضحكتيني
"00:25:28,000","00:25:30,000",أنا شو أنت جاي الكلون؟
"00:25:30,000","00:25:32,000",لا جاي ضحكت يعني حلو
"00:25:32,000","00:25:34,000",الكلام كان الموضوع ضحك يعني و كده
"00:25:34,000","00:25:36,000",إيه الوادينغ مالو؟
"00:25:38,000","00:25:39,000",فدتني
"00:25:39,000","00:25:41,000",سالف مية ألف وتسعمية و سبعة و ستين
"00:25:41,000","00:25:43,000",جبت مني تسعمية و سبعة و ستين
"00:25:43,000","00:25:44,000",بالزكاة كترت
"00:25:44,000","00:25:45,000",كترت
"00:25:45,000","00:25:46,000",كتر
"00:25:46,000","00:25:47,000",كتر الله خيري
"00:25:47,000","00:25:49,000",كتر خيرك فعلاً
"00:25:49,000","00:25:51,000",كتر خيرك إنت هركبت الطيارة
"00:25:51,000","00:25:52,000",وقيت
"00:25:52,000","00:25:53,000",والله أنا بصرت
"00:25:53,000","00:25:54,000",ولبس بابيون
"00:25:54,000","00:25:55,000",كيف بس؟
"00:25:56,000","00:25:57,000",كيف فرحك لما لبس كده دلوقتي؟
"00:25:57,000","00:25:58,000",ثوب
"00:25:58,000","00:25:59,000",ثوب؟
"00:25:59,000","00:26:00,000",آي
"00:26:00,000","00:26:02,000",أيوة صح ما تبقى مع صحابك بقى
"00:26:02,000","00:26:03,000",صحابي الأولاد و عمرو ديافو
"00:26:03,000","00:26:04,000",أيوة و عمرو ديافو
"00:26:04,000","00:26:05,000",هنتجنن عليها كلها
"00:26:05,000","00:26:06,000",وتمرحوسني و
"00:26:06,000","00:26:07,000",عبدالمجيد عبدالله
"00:26:07,000","00:26:08,000",قبل ما يعني
"00:26:08,000","00:26:09,000",لازم تسمعي لازم تسمعي لازم
"00:26:10,000","00:26:11,000",لا تنسوا تعملوا لايك للفيديو ديا
"00:26:11,000","00:26:14,000",وعملوا فاولو البنش سويكل على كل السوشال ميديا بلاتفولب
"00:26:14,000","00:26:16,000",أنت أنا لشان أنت جاي مصر بتاكل أكل سعودي
"00:26:16,000","00:26:17,000",وتنكد علي
"00:26:17,000","00:26:19,000",أنا اتفاجئت أنه هذا فيه
"00:26:19,000","00:26:21,000",أنا ما قلت لك معصوب في واحدة من الاثنين
"00:26:22,000","00:26:23,000",يا ماي تايب يا ويدين
"00:26:23,000","00:26:24,000",قلت لك دلوقتي هنزل معصوب
"00:26:24,000","00:26:25,000",شوف هنزل فقط شي
"00:26:25,000","00:26:27,000",أوه ده اللي أنت قلته هو
"00:26:27,000","00:26:28,000",موز
"00:26:28,000","00:26:30,000",عايز تحط موز في الفرح
"00:26:30,000","00:26:32,000",والله العظيم مرة ما هيكون في الفرح
"00:26:32,000","00:26:33,000",الفرح كبسها
"00:26:33,000","00:26:34,000",فالجزء الرجالي بقى
"00:26:34,000","00:26:36,000",الجزء الرجالي شوف أنا في الرجالي
"00:26:36,000","00:26:37,000",هيك القرارات كلها اللي بيجي
"00:26:37,000","00:26:38,000",كلها اللي بيجي
"00:26:38,000","00:26:40,000",وبعدها نحط الفرح على البلاد
"00:00:00,000","00:00:01,000",آه يعني أنت تخينة شوي؟
"00:00:01,000","00:00:04,000",أنت رود أو بجح أو وقح
"00:00:04,000","00:00:06,000",ده The Blind Date Show
"00:00:06,000","00:00:08,000",ودول اتنين مايعرفوش بعض
"00:00:16,000","00:00:17,000",كل واحد فيهم مش شايف التاني
"00:00:17,000","00:00:19,000",وبينهم الحيطة دي
"00:00:19,000","00:00:22,000",البلاين ديت بتاعنا عبارة عن ثري راونز
"00:00:22,000","00:00:25,000",كل راونز بينزل لهم موضوع لازم يتكلموا فيه
"00:00:25,000","00:00:27,000",المواضيع ديها علاقة بالجواز
"00:00:27,000","00:00:28,000",لبس
"00:00:28,000","00:00:28,000",فلوس
"00:00:28,000","00:00:29,000",شغل
"00:00:29,000","00:00:30,000",وحاجات تانية كتير
"00:00:30,000","00:00:31,000",بعد كل راوند
"00:00:31,000","00:00:33,000",كل واحد بيدي التاني ريتينغ
"00:00:33,000","00:00:36,000",على حسب هم شبه بعض الدي إيه في الراوند دي
"00:00:36,000","00:00:39,000",وفي الآخر قبل ما كل واحد يعرف كان قاعد في ديت مع مين
"00:00:39,000","00:00:41,000",بيقرروا لو هينزلوا ديت تاني ولا لا
"00:00:41,000","00:00:44,000",كتير من تاني
"00:00:59,000","00:00:59,000",هاي
"00:00:59,000","00:01:00,000",هاي
"00:01:00,000","00:01:02,000",وأخيراً قدرت أحكي
"00:01:02,000","00:01:03,000",إزايك؟
"00:01:03,000","00:01:04,000",تمام إزايك أنت؟
"00:01:04,000","00:01:05,000",الأخبار
"00:01:05,000","00:01:07,000",تمام الأخبار عم بقايا؟
"00:01:07,000","00:01:09,000",أنت مش مصري
"00:01:09,000","00:01:10,000",أنا مش مصري
"00:01:11,000","00:01:12,000",منين؟
"00:01:12,000","00:01:14,000",يعني ممكن هيك لقدام أشوف إذا بتحزني
"00:01:14,000","00:01:15,000",هيك؟
"00:01:15,000","00:01:16,000",يبقى لبنان
"00:01:16,000","00:01:16,000",لبناني؟
"00:01:16,000","00:01:17,000",أجل
"00:01:17,000","00:01:18,000",سوريا؟
"00:01:18,000","00:01:19,000",لا
"00:01:19,000","00:01:21,000",أنت برجل إيه طيب؟
"00:01:21,000","00:01:22,000",عذراء
"00:01:23,000","00:01:24,000",العذراء
"00:01:24,000","00:01:24,000",أنت برجل إيه؟
"00:01:24,000","00:01:25,000",الأسد
"00:01:25,000","00:01:28,000",بس هيك فاهمة علي منيها أنا جايب أحكي وأنت فاهمة علي
"00:01:28,000","00:01:29,000",فاللهجة لأسد كمان
"00:01:29,000","00:01:30,000",لماحة
"00:01:31,000","00:01:32,000",برجل إيش؟
"00:01:33,000","00:01:35,000",أنت كمان مش بتركز من أولها؟
"00:01:35,000","00:01:36,000",آه بتخوفي شوي الأسد
"00:01:36,000","00:01:37,000",شوي
"00:01:37,000","00:01:38,000",طيب أنا عايزة أعرف أنت مين بجد
"00:01:38,000","00:01:40,000",مش تونس مش مغرب
"00:01:40,000","00:01:41,000",لا بعيد شوي
"00:01:41,000","00:01:42,000",أردن؟
"00:01:42,000","00:01:43,000",يعني ممكن
"00:01:43,000","00:01:44,000",من أردن؟
"00:01:44,000","00:01:45,000",من الأردن نعم
"00:01:45,000","00:01:46,000",بتعرف إيه أنا اسم الأردن؟
"00:01:46,000","00:01:47,000",لا ما أعرفش
"00:01:47,000","00:01:49,000",ما عم بك سمعتي أنا إيه حدا من الأردن؟
"00:01:49,000","00:01:50,000",لا خالص
"00:01:50,000","00:01:51,000",ما بتعرفيش حاجة عن الأردن؟
"00:01:52,000","00:01:53,000",والله هي مشكلة صراحة
"00:01:53,000","00:01:54,000",آخري حدود مصر
"00:01:54,000","00:01:56,000",طيب أنت عندك كم سنة؟
"00:01:56,000","00:01:57,000",22 وأنت؟
"00:01:57,000","00:01:58,000",آه والله صغيرة
"00:01:58,000","00:01:59,000",أنا 27
"00:01:59,000","00:02:01,000",مش فرق مش كبير يعني
"00:02:01,000","00:02:03,000",حسب الكلام هلأ بيبين معنا
"00:02:03,000","00:02:04,000",أوكي نشوف
"00:02:04,000","00:02:05,000",طيب شو بتدرسين؟
"00:02:05,000","00:02:07,000",أنا في كلية حقوق
"00:02:07,000","00:02:08,000",حقوق وحامية وهيك؟
"00:02:08,000","00:02:09,000",آه عنيدة
"00:02:09,000","00:02:11,000",قانون قضايا ومن بدايتها؟
"00:02:11,000","00:02:13,000",لا مين بيحب المشاكل؟
"00:02:13,000","00:02:15,000",يعني إحنا هنتمشكل من أولها عشان
"00:02:15,000","00:02:16,000",لا لا أبداً
"00:02:16,000","00:02:16,000",آه؟
"00:02:16,000","00:02:17,000",أبداً
"00:02:17,000","00:02:18,000",يعني هتكوني سهلة
"00:02:19,000","00:02:19,000",نعم؟
"00:02:19,000","00:02:21,000",هتكوني سهلة؟
"00:02:21,000","00:02:23,000",لا لا مش هبسهلة برضه
"00:02:23,000","00:02:24,000",طب أنا عندي سؤال
"00:02:24,000","00:02:25,000",أنا مش عارف إيش أناديكي مبدئياً
"00:02:25,000","00:02:27,000",تعالي نختار إيه على أسماء؟
"00:02:27,000","00:02:27,000",حلو
"00:02:27,000","00:02:29,000",بس أسماء أجنبية بقى اللي هو
"00:02:29,000","00:02:29,000",out of the box
"00:02:29,000","00:02:31,000",أنا بحب الأسماء العربية أكتر صراحة
"00:02:31,000","00:02:33,000",طيب خلاص أنت اختار وأنا اختار
"00:02:33,000","00:02:35,000",يعني أنا حاسب ممكن تكوني سارة
"00:02:35,000","00:02:37,000",إنه كانوا يسموني سارة
"00:02:37,000","00:02:37,000",سارة اسم حلو
"00:02:37,000","00:02:38,000",كانوا يسموني اسم أبشع
"00:02:38,000","00:02:39,000",شو اسمه؟
"00:02:39,000","00:02:40,000",أمورة
"00:02:40,000","00:02:40,000",إيه؟
"00:02:40,000","00:02:42,000",كانوا يسموني أمورة
"00:02:42,000","00:02:42,000",أمورة؟
"00:02:42,000","00:02:43,000",أوه
"00:02:44,000","00:02:45,000",وفي اسم أمورة؟
"00:02:45,000","00:02:46,000",أنا بعرف هذا وسط
"00:02:46,000","00:02:48,000",في أمر في أمر في أمورة
"00:02:48,000","00:02:49,000",آه في أمر بس أمورة
"00:02:49,000","00:02:50,000",الحمد لله هم صراحة
"00:02:57,000","00:02:58,000",حسن؟
"00:02:58,000","00:02:59,000",مع أنه بعيد عني شوي بس أوكي
"00:03:01,000","00:03:02,000",لا هاي أول مرة
"00:03:02,000","00:03:03,000",وأنا كمان أول مرة
"00:03:03,000","00:03:04,000",كيف شايف التجربة؟
"00:03:04,000","00:03:06,000",موترة شوي بصراحة
"00:03:06,000","00:03:06,000",بس يعني
"00:03:06,000","00:03:07,000",هي صعبة شوي صح؟
"00:03:07,000","00:03:09,000",بس حسن بدأت أفك شوي بالكلام
"00:03:09,000","00:03:10,000",هنتعود هنتعود
"00:03:10,000","00:03:11,000",يلا هلأ منشوف
"00:03:21,000","00:03:22,000",نزلك إيه؟
"00:03:22,000","00:03:23,000",نزلي مشروم سوب
"00:03:25,000","00:03:25,000",مشروم؟
"00:03:25,000","00:03:26,000",آه
"00:03:26,000","00:03:26,000",تحبين؟
"00:03:26,000","00:03:27,000",الحمد لله
"00:03:27,000","00:03:28,000",لا لا عندي حسية من مشروم
"00:03:28,000","00:03:29,000",عنديك حسية من مشروم؟
"00:03:30,000","00:03:31,000",وأنا ما بأهبهوش كتير بايضا
"00:03:31,000","00:03:32,000",طب تاخد بتاعتي؟
"00:03:32,000","00:03:33,000",إنتي إنتي عنديك إيش؟
"00:03:34,000","00:03:35,000",توميتو سوب
"00:03:35,000","00:03:36,000",لطيف
"00:03:36,000","00:03:37,000",تجربها؟
"00:03:37,000","00:03:38,000",بدل
"00:03:38,000","00:03:39,000",عادي والحساسية بتاعتي؟
"00:03:39,000","00:03:41,000",آه صح نسيت أنا
"00:03:41,000","00:03:41,000",أناني
"00:03:41,000","00:03:42,000",سوري
"00:03:42,000","00:03:43,000",لا مش أناني أنا نسيت
"00:03:43,000","00:03:43,000",يعني عادي
"00:03:43,000","00:03:44,000",طب أدوها و أديها لك
"00:03:44,000","00:03:45,000",مفيش داعي
"00:03:45,000","00:03:46,000",أحرقته ولا إيه؟
"00:03:46,000","00:03:48,000",آه أنا نسيت
"00:03:48,000","00:03:50,000",فحسيت حالي عملت مشكلة كبيرة
"00:03:50,000","00:03:50,000",لا لا لا أبدا
"00:03:50,000","00:03:51,000",مفيش مشكلة
"00:03:51,000","00:03:53,000",إنت شايف السيجمنت اللي عندنا إيه؟
"00:03:53,000","00:03:54,000",dream guy و dream girl
"00:03:54,000","00:03:57,000",احكي لي أكتر عن فتاة أحلامك
"00:03:57,000","00:03:57,000",عارف أن أنتو
"00:03:57,000","00:03:58,000",بتحس إنه ممكن
"00:03:58,000","00:04:00,000",عارف أنا برج العذراء بيكي قوي
"00:04:00,000","00:04:02,000",عنا مشاكل صراحة و عقد نفسية
"00:04:02,000","00:04:03,000",إنت معترف؟
"00:04:03,000","00:04:04,000",عادي كده؟
"00:04:04,000","00:04:04,000",يعني نعم
"00:04:04,000","00:04:05,000",طب جمّل الكلام
"00:04:05,000","00:04:07,000",إنه إحنا برج العذراء شوي صعبين
"00:04:07,000","00:04:08,000",بصريحين
"00:04:08,000","00:04:09,000",هو أنا ما بجامل كمان
"00:04:09,000","00:04:10,000",بس مرات تعمل لي
"00:04:11,000","00:04:12,000",دي حاجة حلوة إنه إنت direct
"00:04:12,000","00:04:14,000",أنا حاسك إنت اللي مش direct
"00:04:14,000","00:04:14,000",أنا مش direct؟
"00:04:14,000","00:04:15,000",تحب تلف و تدوري
"00:04:15,000","00:04:17,000",طب يوليني مش سالكة
"00:04:17,000","00:04:19,000",طيب بتحسي حالك سهلة ولا صعبة؟
"00:04:22,000","00:04:23,000",طيب دي أسألك سؤال
"00:04:23,000","00:04:24,000",إنتي فتاة..
"00:04:25,000","00:04:27,000",أوكي دي أسألك سؤال
"00:04:27,000","00:04:28,000",حكي لي الصفات فتاة أحلامك
"00:04:28,000","00:04:30,000",يكون جدع دي أهم حاجة
"00:04:30,000","00:04:33,000",يكون بيحترمني جداً و يحترم موجودي جداً جداً
"00:04:33,000","00:04:35,000",و يكون بيعرف يعبر عن مشاعره
"00:04:35,000","00:04:36,000",أنا ما أعرف شعاري
"00:04:37,000","00:04:37,000",أنا تتعلم
"00:04:37,000","00:04:39,000",لما الواحد بيأخذ على الإنسان اللي قدامه
"00:04:39,000","00:04:41,000",بيبدأ إنه هو open up أكتر
"00:04:41,000","00:04:42,000",بيشارك أكتر مشاعره
"00:04:42,000","00:04:43,000",آه إنتي بلش تساعديني من هسه
"00:04:43,000","00:04:44,000",هنحاول هنحاول
"00:04:45,000","00:04:46,000",طب إنت كشكل
"00:04:46,000","00:04:48,000",متخيل مثلاً فتاة أحلامك عاملة إزاي؟
"00:04:48,000","00:04:50,000",أنا بحب البنت تكون جميلة
"00:04:50,000","00:04:54,000",خلينا أحكي يعني ما تكون لون شعرها أشجر
"00:04:54,000","00:04:55,000",مثلاً
"00:04:55,000","00:04:56,000",عيون مش ملونين عادي
"00:04:56,000","00:04:58,000",ما أحب العيون مش ملونين
"00:04:59,000","00:04:59,000",بتلعب جيم
"00:05:00,000","00:05:02,000",شخصيتها مرحة وحلوة يعني
"00:05:02,000","00:05:03,000",هيك يعني
"00:05:03,000","00:05:04,000",perfect يعني
"00:05:04,000","00:05:05,000",مش perfect يعني عادي ممكن
"00:05:05,000","00:05:07,000",أنا بالنسبة لي الشخصية مهمة يعني كثير
"00:05:07,000","00:05:08,000",والجمال مهم
"00:05:08,000","00:05:10,000",بس ما بقدر أشيل هاي أو هاي
"00:05:10,000","00:05:11,000",إنتي بتلعب جيم؟
"00:05:11,000","00:05:11,000",قليل قوي
"00:05:11,000","00:05:13,000",تهتمين بنظام الأكل تبعك؟
"00:05:13,000","00:05:14,000",أو الدايت خلينا أحكي
"00:05:14,000","00:05:15,000",بص مش دايماً
"00:05:15,000","00:05:18,000",يعني الواحد برضو بيجي عليه فترة بيكون عايز يأكل يعني يبسط
"00:05:18,000","00:05:20,000",آه يعني إنتي تخينة شوي؟
"00:05:20,000","00:05:21,000",في مشكلة؟
"00:05:21,000","00:05:22,000",لا لا أنا بس بسألت
"00:05:22,000","00:05:24,000",أنا بشوف نفسي balanced راضية
"00:05:24,000","00:05:26,000",بس أنت يعني جريئ جداً
"00:05:26,000","00:05:28,000",فيه ولد يسأل بنت سؤال زي ده
"00:05:28,000","00:05:29,000",حكيت لك إني أنا صريح
"00:05:29,000","00:05:33,000",صريح بس أنا معرفة واش ولا أعرف أي حاجة عنك
"00:05:33,000","00:05:33,000",بس أنا مش عم بس
"00:05:33,000","00:05:36,000",مش خايف إن أنا مثلاً أحكم عليك إن أنت
"00:05:36,000","00:05:39,000",rude أو بجح أو وكح
"00:05:40,000","00:05:41,000",أنا بمزح
"00:05:41,000","00:05:43,000",بتمزح إيه إنت سألتني إنت تخينة
"00:05:43,000","00:05:44,000",هلأ أسألك سؤال
"00:05:44,000","00:05:47,000",الواحد لما يكون بدايت بيحكي كل إشي جدي ولا بيمزح؟
"00:05:47,000","00:05:48,000",إنت ما كنتش بتمزح دلوقتي
"00:05:48,000","00:05:49,000",ليه؟
"00:05:49,000","00:05:51,000",خلاص نقفل الموضوع ده لو سمحت
"00:05:51,000","00:05:52,000",هاي مشكلة كبيرة صراحة
"00:05:53,000","00:05:55,000",إيش الred flags اللي عندك على الشاب؟
"00:05:55,000","00:05:57,000",إنه حد يعلق على شكل حد
"00:05:57,000","00:05:58,000",أوف
"00:05:58,000","00:06:00,000",طب أنا هذا اللي سويته قبل شوي؟
"00:06:00,000","00:06:01,000",أوه بالزبط
"00:06:01,000","00:06:02,000",بس إنتي فهمتيني غلط
"00:06:02,000","00:06:02,000",ما يصحش
"00:06:02,000","00:06:04,000",لازم تعطيني مجال إني أشرح
"00:06:04,000","00:06:07,000",فكرة البلاين ديت شو إن إحنا نعرف بعد
"00:06:07,000","00:06:08,000",من غير seeing each other
"00:06:08,000","00:06:10,000",فأنت قسرت الموضوع وبوم
"00:06:10,000","00:06:11,000",إنت تخينة؟
"00:06:11,000","00:06:14,000",يا سارة أنا آسف بس يعني ممكن عشان البلاين ديت مش بتعود
"00:06:14,000","00:06:16,000",بدك تمشي لي الموضوع شوي
"00:06:16,000","00:06:17,000",لا خلاص ما فيش مشكلة يا حسن
"00:06:17,000","00:06:19,000",دي green flag أعتذر
"00:06:19,000","00:06:19,000",أكيد؟
"00:06:19,000","00:06:20,000",أيوه
"00:06:20,000","00:06:21,000",يعني أنا مفتش بالred flags
"00:06:21,000","00:06:23,000",نص نص مش قادرة أقول لك أوه
"00:06:23,000","00:06:24,000",هلأ بنصلحها
"00:06:24,000","00:06:25,000",خلاص ونطلع
"00:06:25,000","00:06:27,000",بعدين أنا بلشت أحب مصر يا سارة يعني صراحة
"00:06:27,000","00:06:27,000",بجد؟
"00:06:28,000","00:06:29,000",إيه أكتر حاجة عجبك؟
"00:06:29,000","00:06:30,000",القاهرة بتجنن
"00:06:30,000","00:06:32,000",وناسها بتجننوا
"00:06:32,000","00:06:34,000",طيب يعني ممكن إنتي تحبيبيني أكتر بمصر؟
"00:06:34,000","00:06:35,000",يعني هنشوف الموضوع ده
"00:06:35,000","00:06:36,000",hopefully
"00:06:37,000","00:06:39,000",طيب بقول لك إيه يا سارة
"00:06:39,000","00:06:40,000",نعم يا حسن
"00:06:40,000","00:06:41,000",عطيتني rate منيح؟
"00:06:41,000","00:06:42,000",بصراحة نص نص
"00:06:42,000","00:06:43,000",فيه حاجات اتفقنا فيها
"00:06:43,000","00:06:45,000",وفيه حاجات اختلفنا فيها
"00:06:45,000","00:06:46,000",بس دي أول segment يعني
"00:06:46,000","00:06:48,000",فممكن درجاتك تتحسن على آخر
"00:06:48,000","00:06:50,000",أنا عطيتك rate جيد
"00:06:50,000","00:06:51,000",ماشي أما نشوف
"00:07:01,000","00:07:03,000",أوكي أنا صراحة حاس حاليا شوي
"00:07:03,000","00:07:05,000",عم بكون زنخ شوي
"00:07:05,000","00:07:05,000",بترشيني زنخ؟
"00:07:06,000","00:07:07,000",لا دي كلمة جديدة عليا
"00:07:07,000","00:07:08,000",زنخ يعني بايخ
"00:07:08,000","00:07:09,000",بايخ؟
"00:07:09,000","00:07:10,000",أه
"00:07:10,000","00:07:10,000",معرفوش
"00:07:10,000","00:07:12,000",حسن إني سمعتها من مصري
"00:07:12,000","00:07:14,000",تعرف يا هدا الزنخ تبع الساردين؟
"00:07:14,000","00:07:15,000",بين؟
"00:07:15,000","00:07:16,000",من أ معرفش
"00:07:16,000","00:07:17,000",هو هيك يحكو له زنخ
"00:07:17,000","00:07:19,000",إنه عم بكون تجيل دم شوي
"00:07:19,000","00:07:20,000",نحن عم نحاول نكون متفاهمين مع بعض
"00:07:20,000","00:07:22,000",بتعلم تتكلم على المال
"00:07:23,000","00:07:23,000",والله مهم
"00:07:23,000","00:07:25,000",تخش في المهمة على طول
"00:07:25,000","00:07:26,000",سمعي مهم المصاري صراحة
"00:07:26,000","00:07:28,000",بساعد كثير بأنه يبني شخصية الواحد
"00:07:28,000","00:07:29,000",يبني مستقبله
"00:07:29,000","00:07:32,000",حس إنه لو الإنسان
"00:07:32,000","00:07:34,000",مكفيك مش هتبص للماديات
"00:07:34,000","00:07:36,000",بس كمان الماديات مهمة جداً يعني
"00:07:36,000","00:07:37,000",أكيد ما هي بتساعد برضه
"00:07:37,000","00:07:38,000",بس إنت مثلاً شايف
"00:07:38,000","00:07:40,000",لو إحنا على موعد
"00:07:40,000","00:07:42,000",شايف المفروض مين يتكفل بالموعد
"00:07:42,000","00:07:44,000",يعني أنا بالنسبة إلي أكيد الشاب
"00:07:44,000","00:07:45,000",صراحة
"00:07:45,000","00:07:46,000",أنا بشوف كده برضه
"00:07:46,000","00:07:48,000",بحس إن ده تعبير عن إنه هو
"00:07:48,000","00:07:49,000",شخص مسؤول
"00:07:49,000","00:07:50,000",بس كده كده هعرض
"00:07:50,000","00:07:52,000",وكده كده لازم أرده له في يومها
"00:07:52,000","00:07:53,000",ممكن الأفضل بالنسبة إلي صراحة
"00:07:53,000","00:07:55,000",إنه مثلاً أنا طالعني وياكي ديت
"00:07:55,000","00:07:56,000",أكيد أنا اللي هتدفع
"00:07:56,000","00:07:59,000",بس ممكن أنت يكون في بالك إنه أنا جبتلك هدية
"00:07:59,000","00:08:01,000",لو صغيرة أو معنوية ما عنديش مشكلة
"00:08:01,000","00:08:02,000",بس إنه هاي بشوفها إشي حلو يعني
"00:08:02,000","00:08:03,000",هلأ بالزواج
"00:08:03,000","00:08:05,000",ما بعرف إنتوا عندكم في مصر غير عندنا
"00:08:05,000","00:08:06,000",نص بالنص
"00:08:07,000","00:08:09,000",إحنا عندنا شاب يدفع كل حاجة
"00:08:09,000","00:08:09,000",طب حلو قوي
"00:08:09,000","00:08:10,000",حلو؟
"00:08:10,000","00:08:10,000",برضه
"00:08:10,000","00:08:11,000",أوه والله
"00:08:11,000","00:08:12,000",هسألك سؤالية حسونا
"00:08:12,000","00:08:13,000",آه حسونا حبيت
"00:08:13,000","00:08:14,000",أيوة حسونا
"00:08:14,000","00:08:16,000",والله إحنا عم نوصل مكان حلو صراحة
"00:08:16,000","00:08:16,000",مش حسونا بس
"00:08:17,000","00:08:18,000",كمان؟
"00:08:18,000","00:08:18,000",أي
"00:08:18,000","00:08:20,000",الأقام حتزيد كمان شوي بالراتينغ
"00:08:20,000","00:08:21,000",أوه أنا حس كده برضه
"00:08:21,000","00:08:22,000",أنا انبسطت قوي يعني
"00:08:22,000","00:08:23,000",سأليني أسئلة
"00:08:23,000","00:08:25,000",أنت قلت إنه في الكولتر بتاعت الأردن
"00:08:25,000","00:08:27,000",الولد هو اللي بيشيل الليلة كلها
"00:08:27,000","00:08:30,000",هل بعد كده بقى بعد الزواج
"00:08:30,000","00:08:32,000",الولد برضه بيفضل يشيل الليلة
"00:08:32,000","00:08:34,000",ولا هل بتبدأ بقى الدنيا تتقسم
"00:08:34,000","00:08:35,000",ما بينهم هما الاتنين
"00:08:35,000","00:08:36,000",يعني شوفي فيه ناس
"00:08:36,000","00:08:38,000",تتفق مع بعض إنه لا
"00:08:38,000","00:08:40,000",إحنا بعد الزواج بنصير
"00:08:40,000","00:08:41,000",نتقسم إنت عليك الأكل
"00:08:41,000","00:08:43,000",أنا علي البيت
"00:08:43,000","00:08:45,000",والأولاد ووا ووا ووا
"00:08:45,000","00:08:46,000",وفيه ناس لا بيقولك أنا
"00:08:46,000","00:08:47,000",بحاسب كل شي
"00:08:47,000","00:08:48,000",أيوة أنا مش عايز أعرف عن الناس
"00:08:48,000","00:08:49,000",أنا عايز أعرف عنك أنت
"00:08:49,000","00:08:50,000",بتعرف عليك أنت
"00:08:50,000","00:08:51,000",أنا صراحة
"00:08:51,000","00:08:53,000",بستمتع إني أنا أدفع دائما
"00:08:53,000","00:08:54,000",تستمتع؟
"00:08:54,000","00:08:55,000",بستمتع
"00:08:55,000","00:08:57,000",يعني أنا بستمتع لما أنا حاسب عن الناس
"00:08:57,000","00:08:59,000",يعني بحب هذا الشعور قوي
"00:08:59,000","00:09:01,000",تستمتع بتستمتع يعني؟
"00:09:01,000","00:09:01,000",آه والله
"00:09:01,000","00:09:02,000",مش حجزب عليك
"00:09:03,000","00:09:04,000",لا والله كثير هيك
"00:09:04,000","00:09:05,000",طب هو بتستمتع يعني وراضي
"00:09:05,000","00:09:07,000",مش اللي هو بقى بتقفقف
"00:09:07,000","00:09:08,000",أنا هيدا أنا أدفع لك ده وده وده
"00:09:08,000","00:09:09,000",طب لو أنا خارجين مثلاً
"00:09:09,000","00:09:11,000",وصحابي البنات جم قعدوا معينا
"00:09:11,000","00:09:12,000",هتدفع لهم برضه
"00:09:12,000","00:09:13,000",ولا هتقولهم لا حاسبوا
"00:09:13,000","00:09:13,000",شيلوا سليطكوا بقى
"00:09:14,000","00:09:15,000",ما أتوقعش
"00:09:15,000","00:09:16,000",بس ممكن أحاسب عنك صراحة
"00:09:16,000","00:09:17,000",أكيد
"00:09:17,000","00:09:18,000",بس مش ها
"00:09:18,000","00:09:19,000",بس صحابي نو
"00:09:19,000","00:09:19,000",بس أنا
"00:09:19,000","00:09:20,000",طب لو عيد ميلادي مثلاً
"00:09:20,000","00:09:22,000",آه أكيد أنا هحاسب عن كل حاجة
"00:09:33,000","00:09:35,000",هحوش لها بالمصري؟
"00:09:35,000","00:09:36,000",هتحوش لها آه
"00:09:36,000","00:09:37,000",هحوش لها بالمصري يعني
"00:09:37,000","00:09:39,000",يعني مقعد أحوش فلوس
"00:09:39,000","00:09:41,000",أحط فلوس فوق فلوس فوق فلوس
"00:09:41,000","00:09:42,000",عشان أجيب لك الهداية اللي أنت عايزها
"00:09:42,000","00:09:44,000",سارة أنا عندي مشكلة شوي يعني بالمصري
"00:09:44,000","00:09:45,000",فعشان هيك مش عم بفهم كل
"00:09:45,000","00:09:47,000",لا عايزي هتتعود
"00:09:47,000","00:09:47,000",هتعوديني؟
"00:09:47,000","00:09:49,000",اللقنة سهلة بس لما تاخد عليها
"00:09:49,000","00:09:50,000",كده كده يعني
"00:09:50,000","00:09:52,000",كده كده ده كلمتي
"00:09:52,000","00:09:54,000",هاي الكلمة تعلمتها جديد
"00:09:54,000","00:09:54,000",كده كده
"00:09:56,000","00:09:58,000",يعني اسمها أنا ما أبقي كرات
"00:09:58,000","00:09:59,000",سرعة
"00:10:00,000","00:10:02,000",بالعادة أنا بحسه صعب
"00:10:02,000","00:10:03,000",فمعطيك ريت قسطوري
"00:10:03,000","00:10:05,000",عشان أنت فيكي وأنا كمان
"00:10:05,000","00:10:06,000",هتتفاجئ
"00:10:06,000","00:10:08,000",بما أنه أنا معطيك هذا الريت معناتو
"00:10:08,000","00:10:09,000",إحنا عم نوصل لمكان حلو جداً
"00:10:09,000","00:10:11,000",مع أنها كانت روف ستورت
"00:10:11,000","00:10:12,000",بس دلوقتي لا خلاص
"00:10:12,000","00:10:15,000",لا دلوقتي بقينا حبايب وزاز قوي
"00:10:15,000","00:10:16,000",يا رب نفضل كده لآخر الحلقة
"00:10:16,000","00:10:17,000",لا لا كده هنفضل
"00:10:17,000","00:10:19,000",هنكون أحسن من كده بحس
"00:10:19,000","00:10:20,000",وأنا كمان برضه
"00:10:31,000","00:10:32,000",ستيك ترياكي
"00:10:32,000","00:10:34,000",والله وشكله زاكي قوي
"00:10:34,000","00:10:36,000",أنا مش عارفة ده تشيكن ولا شريمتة ولا إيه
"00:10:36,000","00:10:37,000",لا تشيك
"00:10:37,000","00:10:38,000",أنت بتحب الستيك؟
"00:10:38,000","00:10:39,000",أحب الستيك جداً
"00:10:40,000","00:10:41,000",جداً
"00:10:41,000","00:10:42,000",شوف لي كيه إذا إنه زاكي أو لا
"00:10:42,000","00:10:43,000",ماشي يلا وأنا كمان هدو
"00:10:44,000","00:10:46,000",جداً جيد
"00:10:46,000","00:10:48,000",حسونة أنت بتحب الليلة وكده
"00:10:48,000","00:10:51,000",ولا بتفضل أن أنت مثلاً تخرج في حتة هادية بقى
"00:10:51,000","00:10:53,000",شوفي مبدئياً أنا حسونة حبها قوي صراحة
"00:10:54,000","00:10:56,000",يعني آه حبيتها منك يعني
"00:10:56,000","00:10:58,000",هيطلع معك غزل منيح
"00:10:58,000","00:10:59,000",أيوة ححاول هحاول هنشوف
"00:10:59,000","00:11:00,000",شربنا في الغزل؟
"00:11:00,000","00:11:01,000",معرفش هنشوف
"00:11:01,000","00:11:03,000",طيب أوكي هجوبك على السؤال
"00:11:03,000","00:11:04,000",إذا كنت في الأردن مثلاً
"00:11:04,000","00:11:07,000",يعني بضل رايق وهادي
"00:11:07,000","00:11:08,000",إذا طلعت برا بسافر برا
"00:11:08,000","00:11:10,000",ممكن أطلع أسهر في أماكن
"00:11:10,000","00:11:11,000",أجرب أماكن جديدة
"00:11:11,000","00:11:14,000",أنا لازم أحكي لك شغلة عني سارة
"00:11:14,000","00:11:15,000",أنا بقدر أصحابي كتير
"00:11:15,000","00:11:18,000",طيب لما يبقى فيه بارتنير وأصحابك
"00:11:18,000","00:11:19,000",إزاي هتعمل توافق بينهم؟
"00:11:19,000","00:11:21,000",لازم الاثنين يتوافقوا مع بعض
"00:11:21,000","00:11:22,000",طيب ولو لأ؟
"00:11:22,000","00:11:24,000",إذا ما توافقوش مشكلة
"00:11:24,000","00:11:25,000",يعني عن جد مشكلة
"00:11:25,000","00:11:26,000",لأنه أنا أغلب وقتي
"00:11:26,000","00:11:27,000",يعني مثلاً إذا بشتغل
"00:11:27,000","00:11:29,000",لازم آخر الليل أشوف أصحابي
"00:11:29,000","00:11:30,000",إزاي القهوة عندنا كده؟
"00:11:30,000","00:11:30,000",تقريباً
"00:11:30,000","00:11:32,000",في الأردن بقى إيه المتعرف عليه غير القهوة؟
"00:11:32,000","00:11:34,000",حلقاً إحنا ممكن صراحة نعمل
"00:11:34,000","00:11:35,000",باربيكو نايت
"00:11:35,000","00:11:36,000",ممكن نقعد
"00:11:36,000","00:11:37,000",ممكن نعمل جامعة
"00:11:37,000","00:11:38,000",يعني ممكن أجي؟
"00:11:38,000","00:11:39,000",آه طبعاً ممكن تيجي
"00:11:39,000","00:11:41,000",إنتي لازم تيجي أصلاً يا سارة
"00:11:41,000","00:11:43,000",ما إحنا صرنا يعني مع بعض خلاص
"00:11:43,000","00:11:44,000",يعني إحنا عم نتج المكان حلو
"00:11:44,000","00:11:45,000",طبعاً عندي سؤال
"00:11:45,000","00:11:46,000",عنديك سؤال إسأليها
"00:11:46,000","00:11:48,000",إيه الـPerfect Date في دماغك؟
"00:11:48,000","00:11:50,000",يعني لو أنت الواضح فيه بنت معجبة بيها جداً جداً جداً
"00:11:50,000","00:11:51,000",غيرك؟
"00:11:52,000","00:11:53,000",أيوة غيري؟
"00:11:53,000","00:11:55,000",هيكون فين؟ هيكون عامل إزاي؟
"00:11:55,000","00:11:56,000",هلأ إذا فيه Perfect Date
"00:11:56,000","00:11:58,000",ممكن أجهزله يعني
"00:11:58,000","00:11:58,000",ممكن يكون فيه
"00:11:58,000","00:11:59,000",أيوة إيه بقى؟
"00:11:59,000","00:11:59,000",زي إيه؟
"00:11:59,000","00:12:01,000",أنا عندي مفاجآت أوي
"00:12:01,000","00:12:01,000",واو
"00:12:01,000","00:12:04,000",يعني ممكن أفكر بالموضوع إذا كنت مع شخص مناسب
"00:12:04,000","00:12:06,000",صراحة ممكن أعمل مفاجآت ما حدا بيسويها
"00:12:06,000","00:12:08,000",طب زي إيه؟ قولي بقى يعني عايز أمثال واحد
"00:12:08,000","00:12:11,000",يعني ممكن تكون هي بدها تروح على مسافرة معينة
"00:12:11,000","00:12:15,000",وأحجز لها تيكت وعطيها إياها بطريقة كثير حلوة يعني
"00:12:15,000","00:12:17,000",طيب ممكن تعمل حاجة بقى
"00:12:17,000","00:12:18,000",زي مثلاً سكايديبنج
"00:12:18,000","00:12:19,000",دريم بورك
"00:12:19,000","00:12:20,000",ولا حاجات كده ولا إيه؟
"00:12:20,000","00:12:23,000",أنا شخص بيحب الـAdventures كثير
"00:12:23,000","00:12:25,000",فيعني إذا هي بتحب الـAdventures أكيد
"00:12:25,000","00:12:26,000",أنا نفسي أروح هايكنغ
"00:12:26,000","00:12:26,000",هايكنغ؟
"00:12:27,000","00:12:28,000",أنا حدا بيحب المغامرات
"00:12:28,000","00:12:30,000",هخليك تروحي معاي مغامرات يعني
"00:12:30,000","00:12:31,000",إذا بتحبي طبعاً
"00:12:31,000","00:12:32,000",ألا إذا بحب أنا بحب
"00:12:32,000","00:12:34,000",ممكن تكون Life Style تبعنا قسطوري
"00:12:34,000","00:12:35,000",سوسو بقالك إيه سوسو؟
"00:12:35,000","00:12:36,000",سوسو؟
"00:12:36,000","00:12:37,000",محبتيش؟
"00:12:38,000","00:12:39,000",حسونا أحلى أشيك
"00:12:39,000","00:12:39,000",طيب سارة
"00:12:39,000","00:12:41,000",شوف حاجة غير
"00:12:41,000","00:12:43,000",هو أنا معرفتش لسه اسمك الحقيقة
"00:12:43,000","00:12:44,000",هي سارة هي سارة
"00:12:44,000","00:12:45,000",خلص سارة
"00:12:45,000","00:12:46,000",تاخد points على المحاولة
"00:12:46,000","00:12:47,000",ثانية واحدة
"00:12:47,000","00:12:48,000",خد الوردة عشان حاولت
"00:12:49,000","00:12:50,000",حبيت
"00:12:50,000","00:12:51,000",هاي فيه تطور أنا
"00:12:51,000","00:12:52,000",أنا مبسوط بالتطور اللي جاعد بيصير في عملي
"00:12:52,000","00:12:54,000",طالما فيه تحسن في الأداء
"00:12:54,000","00:12:54,000",وـ
"00:12:54,000","00:12:55,000",You're nicer يبقى خلص
"00:12:56,000","00:12:57,000",إيش رأيك بالـ
"00:12:57,000","00:12:57,000",long distance
"00:12:57,000","00:12:58,000",بما أنه أنا يعني
"00:12:58,000","00:12:59,000",ساكن بالأردن
"00:12:59,000","00:13:00,000",تساكن بمصر
"00:13:00,000","00:13:01,000",فبحس الموضوع شوي
"00:13:01,000","00:13:02,000",أنا بالنسبة إلي
"00:13:02,000","00:13:03,000",هيكون صعب علي شوي
"00:13:03,000","00:13:03,000",فإيش رأيك إنت فيه؟
"00:13:03,000","00:13:05,000",وأنا كمان هيكون صعب جدا
"00:13:05,000","00:13:06,000",أنا بشتاق قوي
"00:13:06,000","00:13:07,000",فيه حاجات كتير قوي
"00:13:07,000","00:13:08,000",ممكن تتحل يعني
"00:13:08,000","00:13:09,000",وأجازات بقى وكده
"00:13:09,000","00:13:10,000",Not enough
"00:13:10,000","00:13:12,000",يعني نكون مع بعض أكتر
"00:13:12,000","00:13:13,000",ممكن تسافر إلى الأردن؟
"00:13:13,000","00:13:14,000",كزيارة
"00:13:14,000","00:13:15,000",لو
"00:13:15,000","00:13:16,000",ما أكذبش عليك بصراحة يحسونا
"00:13:18,000","00:13:19,000",بس ما أقدرش أعيش بره مصر
"00:13:19,000","00:13:19,000",By the way
"00:13:19,000","00:13:21,000",الأردن حلوة جدا
"00:13:21,000","00:13:22,000",بس تأذرها
"00:13:22,000","00:13:23,000",لكن أعيش بره مصر
"00:13:23,000","00:13:24,000",صعب
"00:13:24,000","00:13:25,000",بس شوفي الموضوع هذا
"00:13:25,000","00:13:26,000",يعني بسيط
"00:13:26,000","00:13:27,000",هنلاجي له حل بالآخر يعني
"00:13:27,000","00:13:28,000",ممكن
"00:13:28,000","00:13:29,000",أمور سهلة
"00:13:30,000","00:13:31,000",كده كده هنلاجي له حل
"00:13:31,000","00:13:32,000",أيوة
"00:13:34,000","00:13:35,000",بالله
"00:13:36,000","00:13:36,000",ريتس
"00:13:37,000","00:13:38,000",أطيفين
"00:13:38,000","00:13:39,000",على فكرة أنا
"00:13:39,000","00:13:40,000",موجبة
"00:13:40,000","00:13:41,000",ما أتوقع أكثر مني صراحة
"00:13:41,000","00:13:42,000",يا سلام
"00:13:43,000","00:13:44,000",أنا داي صغيرة فمش عارفة
"00:13:44,000","00:13:45,000",أعبر أكتر من كده
"00:13:45,000","00:13:47,000",أنا بالنسبة لي موضوع الريتس عندي مهم
"00:13:47,000","00:13:48,000",فاليوم
"00:13:48,000","00:13:49,000",أعطيت زيادة
"00:13:49,000","00:13:50,000",وأنا كمان
"00:13:50,000","00:13:51,000",بوردة ولا من غير وردة؟
"00:13:51,000","00:13:53,000",الوردة موجودة على الطاولة يعني
"00:13:53,000","00:13:53,000",مش عارف كده
"00:13:53,000","00:13:54,000",ممكن حسب أو لا
"00:13:54,000","00:13:57,000",أصلا زيادة أعطيتها على الترابيزة فقلت يعني
"00:13:57,000","00:13:58,000",هاي منك فمش حشيلها
"00:13:58,000","00:13:59,000",عرفتين؟
"00:13:59,000","00:14:00,000",أنا زلمة باهتم في التفاصيل جدا
"00:14:00,000","00:14:01,000",خطير
"00:14:01,000","00:14:01,000",حضرية
"00:14:01,000","00:14:02,000",حضرنا آخر الحلقة
"00:14:07,000","00:14:09,000",بتتوقع شكلي
"00:14:09,000","00:14:10,000",كيف رح يكون؟
"00:14:10,000","00:14:11,000",بجد ما عرفش خالص
"00:14:12,000","00:14:13,000",بس حس شعرك بني
"00:14:13,000","00:14:13,000",بني؟
"00:14:14,000","00:14:14,000",جريب
"00:14:14,000","00:14:16,000",طيب وإنت تفتكر شكلي عامل إزاي؟
"00:14:16,000","00:14:18,000",أنا صراحة متوقعك حلوة
"00:14:18,000","00:14:18,000",عندك حق
"00:14:18,000","00:14:20,000",شعرك لونه أسود ممكن
"00:14:20,000","00:14:22,000",عيونك بنية
"00:14:22,000","00:14:22,000",مش كله صح
"00:14:22,000","00:14:23,000",نص نص
"00:14:23,000","00:14:24,000",نص نص؟
"00:14:24,000","00:14:25,000",نكتشف هلأ مع بعض
"00:14:28,000","00:14:29,000",هاي كم تحكي كلمات وردنية
"00:14:29,000","00:14:32,000",أنا بحكي كلمات مصرية فيه كويس
"00:14:32,000","00:14:33,000",كده كده بقى
"00:14:33,000","00:14:34,000",بقولك إيه سارة
"00:14:34,000","00:14:37,000",تفتكرين نطلع مع بعض مرة تانية؟
"00:14:42,000","00:14:43,000",إزايك؟
"00:14:44,000","00:14:45,000",طلعت حلوة قوي
"00:14:46,000","00:14:47,000",في الأخبار
"00:14:47,000","00:14:48,000",مش كله مع بعض كتير
"00:14:48,000","00:14:50,000",يعني هو على الضو شوي
"00:14:51,000","00:14:52,000",بس هو أسود مع بني
"00:14:52,000","00:14:54,000",أعطتك ياس في الأخبار
"00:14:54,000","00:14:56,000",بس إحنا شوي كانت بالبداية صعبة
"00:14:56,000","00:14:57,000",بس عشان
"00:14:57,000","00:14:58,000",بس خلاص
"00:14:58,000","00:15:00,000",لما خلص لجام الحجز صار الموضوع سهل
"00:15:00,000","00:15:01,000",طب قلت ياس ليه؟
"00:15:01,000","00:15:03,000",الموضوع صار كثير أسهل وأحلى وهيك
"00:15:03,000","00:15:04,000",فكينا
"00:15:04,000","00:15:05,000",وأنت طلعت حلوة بعدين
"00:15:05,000","00:15:05,000",فانكيو
"00:15:05,000","00:15:06,000",فهذا إشي كويس
"00:15:06,000","00:15:07,000",فكينا وإنت كمان
"00:15:07,000","00:15:09,000",فهاي ياس الأمور تمام
"00:15:16,000","00:15:16,000",وإنت؟
"00:15:16,000","00:15:17,000",محمد
"00:15:17,000","00:15:17,000",محمد؟
"00:15:17,000","00:15:19,000",بس بيحكولي صباغ يعني
"00:15:19,000","00:15:20,000",كيف شفتي بدات؟
"00:15:20,000","00:15:20,000",كان حلو
"00:15:21,000","00:15:22,000",بتدى صعب
"00:15:22,000","00:15:23,000",بس بقى حلو
"00:15:23,000","00:15:25,000",بعدين مصري وأردني
"00:15:25,000","00:15:26,000",آه بس تعلمت
"00:15:27,000","00:15:28,000",هسه هسه بنشوف
"00:15:28,000","00:15:30,000",آه هسه صوتك هسه كويس
"00:15:30,000","00:15:32,000",هاي الكلمة يعني تعتبر
"00:15:32,000","00:15:33,000",هاي بتحكي
"00:15:33,000","00:15:33,000",وإنت تعلمت إيه؟
"00:15:34,000","00:15:35,000",والله شكله حلو قوي
"00:15:35,000","00:15:37,000",بعدين أنا حسيت في البداية
"00:15:37,000","00:15:38,000",كنا كثير
"00:15:38,000","00:15:40,000",ماخدين الموضوع جدي و
"00:15:40,000","00:15:41,000",تحسوا كان تقديم شغل
"00:15:46,000","00:15:47,000",ما بعرفش
"00:15:47,000","00:15:48,000",بس أنا كنت عارف
"00:15:48,000","00:15:49,000",بنتشوف ما قتلتيني إيه
"00:15:49,000","00:15:50,000",يلا بيني
"00:15:50,000","00:15:51,000",الدريم جاي
"00:15:51,000","00:15:52,000",قتلتيني ستة
"00:15:52,000","00:15:53,000",أنا ما أعطيكي خمسة
"00:15:53,000","00:15:54,000",ليه قتلتني خمسة؟
"00:15:54,000","00:15:55,000",يعني حسيت لسه كنا
"00:15:56,000","00:15:57,000",آه فيه تنشن فبلش تخف
"00:15:57,000","00:15:59,000",هلأ بتشوفي الألقام نيحة بتصير
"00:15:59,000","00:16:01,000",بس المال أنا بس قتلتك إيه؟
"00:16:01,000","00:16:02,000",قلب وفلور
"00:16:02,000","00:16:04,000",أنا قتلتك عشرة وفلور
"00:16:04,000","00:16:05,000",أوكي نايس
"00:16:05,000","00:16:05,000",يعني جريبين من بعض
"00:16:05,000","00:16:06,000",فرنو
"00:16:06,000","00:16:08,000",طيب بس بقى في الليفستايل؟
"00:16:08,000","00:16:09,000",عشان نشبه بعض يعني طلعنا
"00:16:09,000","00:16:10,000",فعلاً؟
"00:16:10,000","00:16:11,000",فكويس يعني
"00:16:11,000","00:16:13,000",طلعنا كثير نشبه بعض وجريبين
"00:16:13,000","00:16:14,000",أنا حبيت صراحة
"00:16:14,000","00:16:15,000",أنت حبيتي تديت؟
"00:16:15,000","00:16:16,000",آه قوي بسطت
"00:16:16,000","00:16:18,000",هنطلع مع بعض مرة تانية؟
"00:16:18,000","00:16:19,000",في الأردن ولا في مصر؟
"00:16:19,000","00:16:20,000",اثنين
"00:16:20,000","00:16:20,000",أوكي
"00:16:20,000","00:16:22,000",ما تنسوش تعملوا لايك للفيديو ده
"00:16:22,000","00:16:23,000",وفولوه بإنستيركل على فيسبوك
"00:16:23,000","00:16:24,000",وإنستجرام
"00:16:24,000","00:16:25,000",وتيك توك وتويتر
"00:16:25,000","00:16:26,000",ومسبسكرايب على يوتيوب
"00:16:26,000","00:16:28,000",لو عايزين تيجوا في دا بلاين ديت شو
"00:16:28,000","00:16:29,000",اعملوا شير للفيديو ده
"00:16:29,000","00:16:31,000",والتاج لثلاثة من صحابكم في الكومنتز
"00:16:32,000","00:16:32,000",طيب قولك إيه؟
"00:16:32,000","00:16:33,000",همم
"00:16:33,000","00:16:34,000",بتيجي على الأردن
"00:16:34,000","00:16:36,000",هتقعديني فين في الأردن؟
"00:16:36,000","00:16:37,000",في الأردن فيها حاجات كثير حلوة
"00:16:39,000","00:16:40,000",يعني فيها عنا البترة
"00:16:40,000","00:16:41,000",فيها عنا الأحلمية
"00:16:41,000","00:16:42,000",أنت تعالي والموضوع سهل
"00:16:44,000","00:16:45,000",تفكر في الموضوع؟
"00:16:45,000","00:16:46,000",ما تخليك في مصر؟
"00:16:46,000","00:16:47,000",في مصر ليه؟
"00:16:55,000","00:16:57,000",ترجمة نانسي قنقر
